Business Name,Zip Code,License Number,License Type,City
A & M IMPORTS LLC,212245749,235768,22S,BALTIMORE
A TO Z WINEWORKS LLC,971326966,158858,22S,NEWBERG
A W DIRECT LLC,954032000,239546,22S,SANTA ROSA
A. BOMMARITO WINES INC.,631442711,96573,LS,BRENTWOOD
A. HARDY USA LTD.,600183338,95054,LS,DES PLAINES
A.V. BRANDS INC.,21093,169341,LS,LUTHERVILLE
A.V.V. WINERY COMPANY LLC,954489642,147198,22S,HEALDSBURG
A-BLONDES INC.,630051025,227448,LS,CHESTERFIELD
ABITA BREWING COMPANY LLC,704200000,231298,22S,ABITA SPRINGS
ACCOLADE WINES NORTH AMERICA INC.,945592455,208688,22S,NAPA
ACNAM LLC,115902265,215412,22S,WESTBURY
ADAM PUCHTA & SON WINE COMPANY,650414103,57174,DOMW,HERMANN
ADAMBA IMPORTS INTERNATIONAL INC.,112371119,141356,LS,BROOKLYN
ADVANTAGE INTERNATIONAL DISTRIBUTORS INC,331722636,239878,LS,DORAL
AIKO IMPORTERS INC.,294647494,201556,LS,MT. PLEASANT
AKC ENTERPRISES INC.,633013480,168432,DOMW,ST. CHARLES
ALAMBIC INC.,954826969,163289,LS,UKIAH
ALBONEE COUNTRY INN & VINEYARDS LLC,640573005,168129,DOMW,INDEPENDENCE
ALLIED IMPORTERS USA LTD.,111015435,163603,22S,LONG ISLAND CITY
ALLTECH'S BEVERAGE DIVISION LLC,403568700,234634,LS,NICHOLASVILLE
ALPHA & OMEGA WINERY LLC,945730000,238992,22S,RUTHERFORD
"ALPHA BREWING COMPANY, LLC",631031936,213386,22MS,ST. LOUIS
ALPHA MARKETING NETWORK,331695714,203348,22S,MIAMI
ALPHABETA BREWERY LLC,63116,248327,22MS,ST. LOUIS
ALTA WINES LLC,945586187,244700,22S,NAPA
ALTAMAR BRANDS LLC,926251928,215828,LS,CORONA DEL MAR
ALTO VINEYARDS LTD.,629050000,232218,22S,ALTO PASS
AMAVI CELLARS LLC,993627007,185677,22S,WALLA WALLA
AMBYTH ESTATE LLC,934658336,244701,22S,TEMPLETON
AMERICAN BEVERAGE CORPORATION,154141135,229608,LS,VERONA
AMERICAN ESTATES WINES INC.,079011904,152456,22S,SUMMIT
AMERICAN VINTAGE BEVERAGE INC.,606615644,223237,LS,CHICAGO
AMERISTAR CASINO KANSAS CITY LLC,64161,243124,MICB,KANSAS CITY
AMICI CELLARS INC.,945159728,226321,22S,CALISTOGA
AMICUS CELLARS LLC,945586187,180178,22S,NAPA
AMUSE BOUCHE LLC,945741704,178621,22S,ST. HELENA
ANCHOR BREWING COMPANY LLC,941072334,200053,LS,SAN FRANCISCO
ANCHOR DISTILLING COMPANY LLC,941072334,204393,LS,SAN FRANCISCO
ANDERS-LANE ARTISAN WINES LP,950373201,178188,22S,MORGAN HILL
"ANDERSON, MIKE",945741329,225875,22S,ST. HELENA
"ANDERSON'S CONN VALLEY WINERY, INC.",945749646,185613,22S,ST. HELENA
ANHEUSER-BUSCH LLC,631181849,205466,LS,ST. LOUIS
ANHEUSER-BUSCH LLC,631181849,205697,22MS,ST. LOUIS
ANN ARBOR BREWING COMPANY LLC,802392102,235930,LS,DENVER
ANTHONY BOZZANO LLC,934013816,244702,22S,SAN LUIS OBISPO
APOSTROPHE BRANDS LLC,606544916,192766,LS,CHICAGO
APPELLATION TRADING COMPANY LLC,945580000,237708,22S,NAPA
APPELLATIONS LLC,630433530,180069,LS,MARYLAND HEIGHTS
APPLE CREEK VINEYARD & WINERY LLC,637477313,209334,22MS,FRIEDEIM
"ARBIOS WINES LTD., INC.",954095347,124230,22S,SANTA ROSA
ARCADIAN MOON VINEYARDS & WINERY LLC,640379162,217036,22MS,HIGGINSVILLE
ARCANA LLC,945622787,183569,22S,OAKVILLE
"AREL GROUP WINES AND SPIRITS, INC.",303052180,141546,22S,ATLANTA
ARETE WINES LLC,934364970,227196,22S,LOMPOC
ARIETTA INC.,945749662,213303,22S,ST. HELENA
"ARTISAN SPIRITS, LLC",630683206,201152,LMS,NEW HAVEN
"ARTISANAL IMPORTS, INC.",787045363,169418,LS,AUSTIN
ARTISANS CELLAR INC.,633763572,229371,LS,ST. PETERS
ARTY'S INC. PARTNERSHIP,549291669,237354,22S,CLINTONVILLE
ASAHI BEER USA INC.,905031688,118063,5S,TORRANCE
ASCENDANT SPIRITS INC.,934279584,224122,LS,BUELLTON
ASKARI O.H. LLC,787242615,202679,22S,AUSTIN
ASSOCIATED BREWING COMPANY,551171325,188630,LS,ST. PAUL
ASV WINES INC.,950469561,53763,22S,SAN MARTIN
ATHENEE IMPORTERS & DISTRIBUTORS LTD,115512039,210241,22S,HEMPSTEAD
ATLAS DRINKS LLC,980537644,217480,22S,REDMOND
ATLAS IMPORTS LLC,606544486,162672,22S,CHICAGO
AUBREY FARMS LLC,660859059,228051,22S,OVERLAND PARK
"AUGUST BRIGGS JR., INC.",954031917,242733,22S,SANTA ROSA
AUGUST WINE GROUP LLC,981162812,131367,22S,SEATTLE
AUGUSTA BREWING VENTURE LLC,630902191,215835,MICB,WASHINGTON
AUGUSTA WINE COMPANY,633321703,102768,22MS,AUGUSTA
AUGUSTA WINE COMPANY,633321518,111202,DOMW,AUGUSTA
AUSA PACIFIC LLC,945151410,226061,22S,CALISTOGA
AVERY BREWING COMPANY,803013242,169495,22S,BOULDER
B. UNITED INTERNATIONAL INC.,068961325,190912,LS,REDDING
BABCOCK ENTERPRISES INC.,934369613,241935,22S,LOMPOC
"BACARDI U.S.A., INC.",331345809,176184,LS,CORAL GABLES
BACCHUS TECHNOLOGIES LLC,080541012,160505,22S,MT. LAUREL
BACCO WINE & SPIRIT LLC,176021937,197707,22S,LANCASTER
BACK HOME BREWING LLC,657210000,240903,MICB,OZARK
BACKYARD VINE & WINE LLC,644688465,235430,22MS,MARYVILLE
BADGER MOUNTAIN INC.,993387337,111954,22S,KENNEWICK
BALDUCCI'S WINEFEST INC.,631462710,122205,DOMW,MARYLAND HEIGHTS
BALEARIC BEVERAGE DISTRIBUTORS INC.,220791432,214564,22S,LORTON
BALTIMORE BEND VINEYARD LLC,640969153,159464,22MS,WAVERLY
BANFI PRODUCTS CORPORATION,115452109,56478,LS,OLD BROOKVILLE
BANVILLE & JONES WINE MERCHANTS,070474713,152683,22S,NORTH BERGEN
BANVILLE & JONES WINE MERCHANTS INC.,10001,246603,LS,NEW YORK
BARGETTO'S SANTA CRUZ WINERY,950732530,61594,22S,SOQUEL
BARLOW VINEYARDS LLC,945159646,214123,22S,CALISTOGA
"BARRENS WINERY LLC, THE",637757156,220441,22MS,PERRYVILLE
BASE CAMP LLC,631321712,155957,22S,ST. LOUIS
BASTARD BROTHERS BREWING CO LLC,630492684,238121,5MS,HIGH RIDGE
BAUM WINE IMPORTS INC.,601621457,114240,LS,HILLSIDE
BEAR CREEK BED & BREAKFAST LLC,657718126,233856,22MS,WALNUT SHADE
"BEAR REPUBLIC BREWING CO., INC.",954254439,175745,22S,CLOVERDALE
BEAUX FRERES LLC,97132,246549,22S,NEWBERG
"BECKMEYER, HENRY AND CAROLINE HOEL",95684,242178,22S,SOMERSET
BEES KNEES BREWING COMPANY LLC,65084,243059,MICB,VERSAILLES
BELL'S BREWERY INC,490539558,140647,22S,GALESBURG
BELLEVILLE BREWING COMPANY LLC,667391256,220895,22S,GALENA
"BELMONT VINEYARDS, LLC",655358196,176869,DOMW,LEASBURG
BELVOIR WINERY LLC,640687448,249590,DOMW,LIBERTY
BENDISTILLERY INC.,977015282,212696,LS,BEND
"BENNETT, STACI L.",64057,245142,LMS,INDEPENDENCE
BENOVIA WINERY LLC,954013952,206203,22S,SANTA ROSA
BENT RIVER BREWING COMPANY,612018928,242444,5S,ROCK ISLAND
BERGSTROM WINES LLC,971326504,178783,22S,NEWBERG
BEVERAGE BROTHERS INC.,952403169,248031,22S,LODI
BIAS VINEYARDS & WINERY INC.,630141418,144909,22MS,BERGER
BIAS VINEYARDS & WINERY INC.,630141418,144911,DOMW,BERGER
BIG MUDDY BREWING LLC,629663938,207771,22S,MURPHYSBORO
BIG OAK VINEYARDS LLC,647359148,237187,DOMW,CLINTON
"BIG RIP LLC, THE",641164315,213121,MICB,NORTH KANSAS CITY
BIG SKY BREWING COMPANY,598088680,179099,22S,MISSOULA
BILARO SPIRITS LLC,954722808,242728,LS,SEBASTOPOL
BINDING BRAUEREI USA INC.,068513502,175052,22S,NORWALK
BKE LLC,630310000,237542,MICB,FLORISSANT
BLACK PRINCE DISTILLERY INC.,070114203,51070,LS,CLIFTON
BLACK SILO LLC,646830000,239325,22MS,TRENTON
BLACKBIRD VINEYARDS LLC,945620000,206394,22S,OAKVILLE
"BLATTEL, JOAN M.",633855308,192567,22MS,WENTZVILLE
BLISS WORLDWIDE LLC,945586241,226943,22S,NAPA
BLUE AGAVE IMPORTERS LLLP,802022306,240751,LS,DENVER
BLUE AGAVE MARKETING COMPANY,631312542,191786,LS,ST. LOUIS
BLUE BLOOD BREWING COMPANY INC.,685024200,240882,22S,LINCOLN
BLUE ROCK VINEYARD LLC,949201516,199923,22S,TIBURON
BLUEWATER DISTILLING LLC,982011594,239852,LS,EVERETT
BLUMENHOF VINEYARDS COMPANY,633420030,49777,DOMW,DUTZOW
BNA WINE GROUP LLC,945587583,212866,22S,NAPA
"BNP DISTRIBUTING CO., INC.",101285552,214171,22S,NEW YORK
BOAT TOWN BREWING LLC,657228122,232648,MICB,PHILLIPSBURG
BOEDECKER CELLARS LLC,972116156,192213,22S,PORTLAND
BOGLE VINEYARDS INC.,956125009,197205,22S,CLARKSBURG
BOM DIA IMPORTS LLC,980275353,216954,LS,ISSAQUAH
"BOMMARITO ESTATE ALMOND TREE WINERY, LLC",630682024,173796,DOMW,NEW HAVEN
BONACCORSI WINE COMPANY LLC,934279577,224903,22S,BUELLTON
BONE HILL VIEW DISTILLERY LLC,640160262,235732,LMS,BUCKNER
"BONNY DOON WINERY, INC.",950605882,129741,22S,SANTA CRUZ
BORDER BREWING COMPANY LLC,641081410,227961,22MS,KANSAS CITY
BORGATA BREWERY & DISTILLERY LLC,681020000,239173,22S,OMAHA
BOSTON BEER CORPORATION,022102300,190046,22S,BOSTON
BOUCHAINE VINEYARDS INC.,945599716,84441,22S,NAPA
BOULEVARD BREWING COMPANY,641082345,219804,22MS,KANSAS CITY
BOURGET IMPORTS LLC,551212296,232656,22S,EAGAN
"BRANDER VINEYARD INC., THE",934410000,192484,22S,LOS OLIVOS
BRANSON WINE MARKETING LLC,656163817,172679,22MS,BRANSON
BRAZOS WINE IMPORTS LLC,112220000,232443,22S,BROOKLYN
BREUCKELEN DISTILLING COMPANY INC.,112321011,240586,LS,BROOKLYN
BREW HUB LLC,338153205,245379,22S,LAKELAND
BRICK OVEN PIZZA COMPANY OF POPLAR BLUFF,63901,249591,MICB,POPLAR BLUFF
BROADBENT SELECTIONS INC.,954769590,103336,22S,SONOMA
"BROADWAY BREWERY, LLC",652799496,221251,MICB,ROCHEPORT
BROC CELLARS LLC,947101417,249627,22S,BERKELEY
BRONCO WINE COMPANY,953070000,239176,22S,CERES
"BROOKLYN BREWERY CORPORATION, THE",112491913,244539,22S,BROOKLYN
BROWN ESTATE VINEYARDS LLC,945749642,198324,22S,ST. HELENA
BROWN-FORMAN CORPORATION,402101038,13849,LS,LOUISVILLE
"BRUERY LLC, THE",928706806,249152,22S,PLACENTIA
BUB'S DISTILLERY LLC,657382412,246369,LMS,REPUBLIC
BUCK MOUNTAIN WINERY & VINEYARD LLC,636373174,179735,DOMW,DOE RUN
BUEHLER VINEYARDS INC.,945749529,33454,22S,ST HELENA
"BUFFALO CREEK WINERY, LLC.",650782329,186689,DOMW,STOVER
BUR OAK BREWING COMPANY LLC,652017635,221780,22MS,COLUMBIA
BURGESS CELLARS INC.,945749728,249340,22S,ST. HELENA
BUSHWHACKER BEND WINERY LLC,652541005,201664,22MS,GLASGOW
BUZZBALLZ LLC,750066839,205376,LS,CARROLLTON
"C AND C WINE SERVICES, INC.",954013819,203472,22S,SANTA ROSA
C. HAVEN IMPORTS LLC,801249614,242446,LS,LITTLETON
C. MONDAVI & FAMILY,945749502,123618,22S,ST HELENA
CABERNET CORPORATION,94949,248155,22S,NOVATO
CAIN CELLARS INC.,945749772,62904,22S,ST HELENA
CAL VIN ENTERPRISES INC.,954480000,230384,22S,HEALDSBURG
CALEDONIA SPIRITS INC.,05843,247435,LS,HARDWICK
CALERA WINE COMPANY,950239159,155764,22S,HOLLISTER
CALIBRATION BRANDS LLC,945587516,223935,22S,NAPA
"CALIFORNIA BREWING CO., LLC",956185474,230383,22S,DAVIS
CALIFORNIA CIDER COMPANY INC.,954722662,177476,22S,SEBASTOPOL
CALIFORNIA VINEYARDS INC.,940703230,107295,LS,SAN CARLOS
CALIPASO WINERY LLC,93446,244291,22S,PASO ROBLES
CALLUNA VINEYARDS LLC,954037416,188464,22S,SANTA ROSA
CALWD INC.,952402118,247628,22S,LODI
CAMARDA CORPORATION,980704519,174353,22S,VASHON
CAMO BREWING COMPANY INC.,891031200,192485,22S,LAS VEGAS
CAMPARI AMERICA LLC,941116234,215707,LS,SAN FRANCISCO
CANAL STREET BREWING COMPANY LLC,495034037,228852,22S,GRAND RAPIDS
CANARD VINEYARDS LLC,945159647,240884,22S,CALISTOGA
CANTERBURY HILL WINERY & RESTAURANT LLC,650432100,223660,22MS,HOLTS SUMMIT
CAPE CLASSICS INC.,100188004,121275,22S,NEW YORK
CARACCIOLI CELLARS INC.,93924,242443,22S,CARMEL VALLEY
CARAVEL GROUP LLC,945397666,239772,22S,FREMONT
CARDEN CELLARS LLC,971178201,226234,22S,GASTON
CARDETTI HERITAGE LLC,655590000,234393,DOMW,ST. JAMES
CARDETTI HERITAGE LLC,655590000,234394,DOMW,ST. JAMES
CARDWELL HILL CELLARS LLC,973709739,189827,22S,PHILOMATH
CARIBBEAN DISTILLERS LLC,338502130,195413,LS,LAKE ALFRED
CARNEROS WINE COMPANY INC.,945599706,224703,22S,NAPA
CARRIAGE HOUSE IMPORTS LTD.,070811421,211975,LS,SPRINGFIELD
CARROLLTON SPECIALTY PRODUCTS CO,658022948,244190,22MS,SPRINGFIELD
"CASA DE LOCO WINERY, LLC",650208564,175681,22MS,CAMDENTON
CASCADE BREWING COMPANY LLC,972250000,240947,22S,PORTLAND
CASTLE BRANDS (USA) CORP.,101684700,179548,LS,NEW YORK
CASUAL ANIMAL BREWING COMPANY LLC,641081423,248787,22MS,KANSAS CITY
CAVE HOLLOW WEST WINERY LLC,634015386,208006,DOMW,HANNIBAL
CAVE VINEYARD LLC,63670,246862,LMS,STE. GENEVIEVE
"CELLAR ARTS, LLC",631192325,237978,22S,WEBSTER GROVES
CELLARS INTERNATIONAL INC.,920087228,127561,22S,CARLSBAD
CENTER ICE BREWING LLC,63103,244645,MICB,ST. LOUIS
CHAISE VENTURES INC.,954037416,241792,22S,SANTA ROSA
CHAMISAL VINEYARDS LLC,945588341,187325,22S,SAN LUIS OBISPO
CHANDLER HILL VINEYARDS LLC,633412708,177976,22MS,DEFIANCE
CHAPPELLET WINERY INC.,945749628,96254,22S,ST HELENA
CHARBAUT AMERICA INC.,100364032,164173,22S,NEW YORK
CHARBAY DISTILLERS LLC,95482,244844,LS,UKIAH
CHARLES JACQUIN ET CIE. INC.,191251837,46029,LS,PHILADELPHIA
CHARLES REININGER LLC,993627291,211078,22S,WALLA WALLA
CHARLEVILLE VINEYARD LLC,636707914,164916,22MS,STE. GENEVIEVE
CHARLEVILLE VINEYARD LLC,63103,245729,MICB,ST. LOUIS
CHARLOTTES WHITE MULE INC.,650662420,192402,DOMW,OWENSVILLE
CHATEAU DIANA LLC,954488100,235931,LS,HEALDSBURG
"CHATHAM IMPORTS, INC.",100168728,133007,LS,NEW YORK
CHAUMETTE INC.,636709022,171660,22MS,STE. GENEVIEVE
"CHAUMETTE, INC.",636700000,227044,22MS,STE. GENEVIEVE
CHEHALEM INC.,971326958,181117,22S,NEWBERG
CHLOE WINES LLC,981338413,155697,22S,SEATTLE
CHRISTOPHER MICHAEL WINES LLC,971012304,235402,22S,AMITY
CINDER BLOCK BREWERY LLC,641163635,216111,22MS,NORTH KANSAS CITY
CIV USA INC.,33166,244845,22S,MIAMI
CIVIC DUTY BREWING COMPANY LLC,641103331,242927,22MS,KANSAS CITY
"CIVIL LIFE BREWING COMPANY LLC, THE",631162614,200195,MICB,ST. LOUIS
CLASSIC BREWING COMPANY,551171325,234222,22S,SAINT PAUL
CLASSIQUE LLC,631442816,213841,LS,WEBSTER GROVES
CLAVERACH FARM & VINEYARDS LLC,630250000,236131,22MS,EUREKA
CLINE CELLARS INC.,954769216,169747,22S,SONOMA
CLINE SISTERS IMPORTS LLC,954769216,225754,22S,SONOMA
CLOS DU VAL WINE COMPANY LTD.,945589410,32213,22S,NAPA
CLOS LACHANCE WINES LLC,950469482,225280,22S,SAN MARTIN
CMB CINCINNATI LLC,452026438,187324,5S,CINCINNATI
COLONY ESPRESSO AND BEER COMPANY LLC,64116,247952,MICB,NORTH KANSAS CITY
COLORADO SPIRITS IMPORTERS LLC,803041525,248286,LS,BOULDER
COMEBACK BREWING INC.,972092806,186437,22S,PORTLAND
CONFLUENCE KOMBUCHA LLC,631102103,242703,MICB,ST. LOUIS
"CONNER, MATT",65616,246637,LS,BRANSON
CONSTELLATION BRANDS INC.,144241012,76847,LS,CANANDAIGUA
COOP ALE WORKS LLC,731794600,235781,22S,OKLAHOMA CITY
COOPER SPIRITS INTERNATIONAL LLC,191250000,239856,LS,PHILADELPHIA
COOPER'S HAWK KANSAS CITY LLC,641121459,223974,22MS,KANSAS CITY
COOPER'S HAWK TOWN & COUNTRY LLC,630170607,223973,22MS,TOWN & COUNTRY
"COOPER'S OAK WINERY ASSOCIATES, LLC",652572875,245176,LMS,HIGBEE
COPPER & KINGS AMERICAN BRANDY CO.,402061822,247774,LS,LOUISVILLE
COPPER CANE LLC,94573,221080,22S,RUTHERFORD
"COPPER MINE RESTAURANT LLC, THE",65251,244091,DOMW,FULTON
COPPER RUN DISTILLERY LLC,657719174,180167,LMS,WALNUT SHADE
CORDELINA WINE COMPANY LLC,956704471,232446,22S,GOLD RIVER
"CORE BREWING & DISTILLING CO., LLC",727641819,216343,22S,SPRINGDALE
"CORK ALLIANCE, INC.",331221915,183953,22S,DORAL
CORSAIR ARTISAN LLC,372032894,232659,LS,NASHVILLE
COUP DE FOUDRE LLC,945749631,185463,22S,ST. HELENA
COURAGEOUS INC.,956698604,234700,22S,PLYMOUTH
"COX, LARRY D.",652515906,187983,DOMW,FULTON
CRANE BREWING COMPANY LLC,641335210,234412,MICB,RAYTOWN
CREW WINE COMPANY LLC,956980000,206393,22S,ZAMORA
CRIBARI VINEYARDS INC.,937223943,226944,22S,FRESNO
CRIDER BREWING LLC,631101924,220723,MICB,ST. LOUIS
CRISTOM VINEYARDS,973049779,135563,22S,SALEM
"CROCKER & STARR WINE CO., LLC",945741417,211122,22S,ST. HELENA
CROWN IMPORTS LLC,606032308,165096,5S,CHICAGO
CROWN VALLEY WINERY INC.,636402002,163519,22MS,FARMINGTON
CROWN VALLEY WINERY INC.,636709039,175431,LMS,STE. GENEVIEVE
CROWN VALLEY WINERY INC.,656163312,235538,LMS,BRANSON
CULT OF 8,93923,219727,22S,CARMEL
CULTIVATE WINES LLC,945741631,226056,22S,ST. HELENA
CUNAT PREMIUM VINEYARDS LLC,945581347,233304,22S,NAPA
CUSHMAN WINERY CORPORATION,934410899,142405,22S,LOS OLIVOS
CUTWATER SPIRITS LLC,921212310,243494,LS,SAN DIEGO
CUVAISON INC.,945599713,204896,22S,NAPA
D & V INTERNATIONAL INC.,334582713,197865,22S,JUPITER
D. & J.F. CELLARS INC.,971159126,182169,22S,DUNDEE
D. MYERS LLC,803012457,179100,22S,BOULDER
"D'AQUINO ITALIAN IMPORTING CO., INC.",910102901,136434,22S,DUARTE
DALE HOLLOW FRUIT FARMS LLC,650780917,219653,DOMW,STOVER
DANCING COYOTE WINES,952209998,241907,22S,ACAMPO
DAOU VINEYARDS LLC,934468712,186603,22S,PASO ROBLES
DARCIE KENT VINEYARDS LLC,945509151,220283,22S,LIVERMORE
DARIOUSH KHALEDI WINERY LLC,945581117,125856,22S,NAPA
DASHE WINE CELLARS LLC,946074641,178214,22S,OAKLAND
DAVID BOWLER LLC,100116362,248726,22S,NEW YORK
DAVID HILL VINEYARDS LLC,971160000,235932,22S,FOREST GROVE
DAVIS-LEHRMITAGE LLC,954480000,232217,22S,HEALDSBURG
DAVOS BRANDS LLC,100168827,249739,LS,NEW YORK
DAYLIGHT WINE COMPANY LLC,954766519,231616,22S,SONOMA
DE CONINCK VINEYARDS INC.,945582032,225200,22S,NAPA
"DE MAISON SELECTIONS, INC.",275145277,220376,LS,CHAPEL HILL
DE PONTE CELLARS LLC,971147201,207609,22S,DAYTON
DEERFIELD VINEYARDS LLC,63383,248188,DOMW,WARRENTON
DEFIANCE BREWERY LLC,676019310,223162,22S,HAYS
DEGRAZIA IMPORTS LLC,602021314,190592,22S,EVANSTON
DEL BRAVO IMPORTS INC.,782662999,224647,LS,SAN ANTONIO
DEL DOTTO VINEYARDS INC.,945581501,246906,22S,NAPA
DELANEY VINEYARD & WINERY LLC,647723609,213959,DOMW,NEVADA
DELEGAT USA INC.,941050922,181770,22S,SAN FRANCISCO
DELICATO VINEYARDS,953368499,13991,22S,MANTECA
DELILLE CELLARS LLC,980522008,239774,22S,REDMOND
DEMERARA DISTILLERS (USA) INC.,333177578,216209,LS,PLANTATION
DENNER WINERY INC.,934469684,199717,22S,PASO ROBLES
"DENNIS, MICHAEL D. & KATHY L.",658037972,192470,DOMW,SPRINGFIELD
DESCHUTES BREWERY INC.,977023118,194568,22S,BEND
DESPARADA WINES LLC,934460000,238202,22S,PASO ROBLES
DESTIHL BREWERY LLC,617616459,238203,22S,NORMAL
DIAGEO AMERICAS INC.,068511127,174611,LS,NORWALK
DIAGEO BEER COMPANY USA,068511127,138601,22S,NORWALK
DIAMOND CREEK VINEYARDS WINERY LLC,945150000,230517,22S,CALISTOGA
DIAMOND IMPORTERS INC.,606141793,214334,22S,CHICAGO
DIASTOLE BREWING COMPANY LLC,646441029,225227,MICB,HAMILTON
DIERBERG EDUCATIONAL FOUNDATION INC.,65041,248754,LMS,HERMANN
DISARONNO INTERNATIONAL LLC,088731172,227613,LS,SOMERSET
"DISTILLERY NO. 209 LTD. NAPA, CA",941580000,182170,LS,SAN FRANCISCO
DISTILLERY OF DEFIANCE LLC,633413103,235727,LMS,DEFIANCE
DIVOT ENTERPRISES LLC,945620000,188677,22S,OAKVILLE
DK54VINES LLC,658020000,237643,22S,SPRINGFIELD
DL ROLLINGS LLC,633412810,166043,DOMW,DEFIANCE
DMJKDV ENTERPRISES INC.,633763093,235513,MICB,ST. PETERS
DOGFISH HEAD CRAFT BREWERY LLC,199681308,244169,22S,MILTON
DOGMASTER DISTILLERY LLC,652014954,220445,LMS,COLUMBIA
DOMAINE DEMARIA SOTER LLC,971110000,148291,22S,CARLTON
"DOMAINE M.B., LLC",954720000,228394,22S,SEBASTOPOL
DOMAINE SELECT WINE & SPIRITS LLC,100167418,235769,LS,NEW YORK
DOMAINE SERENE VINEYARDS & WINERY INC.,971147227,226063,22S,DAYTON
DON SEBASTIANI & SONS INT'L WINE NEGOCIA,94558,244010,LS,NAPA
DONATI FAMILY VINEYARD INC.,934658798,206200,22S,TEMPLETON
DONELAN FAMILY WINE CELLARS LLC,954037417,191421,22S,SANTA ROSA
DOUBLE DIAMOND DISTILLERY LLC,804240000,199720,LS,BRECKENRIDGE
DOUBLE DOWN SPIRITS LLC,917617762,224311,LS,ONTARIO
DOUBLE SHIFT BREWING COMPANY LLC,64108,248437,LMS,KANSAS CITY
DOYNA LIMITED,07036,160434,LS,LINDEN
DOZORTSEV & SONS ENTERPRISES LTD.,112321138,159332,LS,BROOKLYN
DREYER WINE LLC,940623607,113711,22S,WOODSIDE
DREYFUS ASHBY INC.,100176705,37286,LS,NEW YORK
DRG IMPORTS LLC,232200000,239550,22S,RICHMOND
DRY CREEK VINEYARD INC.,954489713,140962,22S,HEALDSBURG
DRYTOWN CELLARS,956990155,192922,22S,DRYTOWN
DUCKHORN WINE COMPANY,94574,246707,22S,ST. HELENA
"DUDES' BREWING CO., LLC, THE",905011807,227656,LS,TORRANCE
DUGGANS DISTILLERS PRODUCTS CORPORATION,109131173,131366,LS,BLAUVELT
DUMOL WINERY LLC,954927759,247630,22S,WINDSOR
DUNHAM CELLARS LLC,993627400,208524,22S,WALLA WALLA
"DURAN IMPORTS, INC.",633851964,140787,22S,WENTZVILLE
DURSO HILLS WINERY LLC,636559162,158334,DOMW,MARQUAND
DUTTON GOLDFIELD WINERY LLC,954720000,177540,22S,SEBASTOPOL
"DUVEL MOORTGAT USA, LTD.",133261169,139280,22S,COOPERSTOWN
DV SPIRITS LLC,787047250,240302,LS,AUSTIN
E. & J. GALLO WINERY,953542760,13867,LS,MODESTO
EAGLE ESTATES IMPORTS LLC,337612805,236852,LS,CLEARWATER
EAGLE EYE IMPORTS - ILLINOIS LLC,483042374,211361,22S,BLOOMFIELD HILLS
EARTHBOUND BREWING LLC,631183036,227443,MICB,ST. LOUIS
EASE ENTERPRISES LLC,640632719,216113,22MS,LEE'S SUMMIT
EAUX DE VIE INC.,631042941,155864,MICB,ST. LOUIS
EAUX DE VIE INC.,631042941,176000,LMS,ST. LOUIS
EBERLE WINERY LTD.,934467302,50406,22S,PASO ROBLES
ECLIPSE ASSETS LLC,945150000,240010,22S,CALISTOGA
ECOSUR GROUP LLC,281479278,228398,22S,SALISBURY
EDG CLIF WINERY LLC,636640000,202849,DOMW,POTOSI
EDG-CLIF BREWERY LLC,636640000,227421,22MS,POTOSI
"EDRINGTON GROUP USA LLC, THE",100114347,236285,LS,NEW YORK
EIGHT BOTTLES LLC,949495763,223117,LS,NOVATO
EKEKO DISTRIBUTION INC.,770073038,230867,LS,HOUSTON
"EMERY, JEFFREY L.",950605880,235882,22S,SANTA CRUZ
"EMPAC INDUSTRIAL RESOURCES, INC.",630805205,225731,LS,SULLIVAN
EMPSON (USA) INC.,223143004,83731,LS,ALEXANDRIA
EMPYREAN BREWING CO.,685081331,205446,22S,LINCOLN
ENOS VINEYARDS INC.,954720000,208932,22S,SEBASTOPOL
ENOTEC IMPORTS INC.,802064339,238281,22S,DENVER
ENOVATION BRANDS INC.,331802804,242848,LS,AVENTURA
ERIC KENT WINE CELLARS LLC,954030000,231324,22S,SANTA ROSA
ERIK MILLER WINES INC.,954489714,242604,22S,HEALDSBURG
ESCALERA-BOULET LLC,934551534,153060,22S,SANTA MARIA
ESSER WINES LLC,954031088,241788,22S,SANTA ROSA
EU IMPORTS LLC,954769590,217967,22S,SONOMA
EVAKI INC.,934013810,151955,22S,SAN LUIS OBISPO
EVESHAM WOOD VINEYARD & WINERY LLC,973049703,200787,22S,SALEM
EXCELSIOR WINE COMPANY LLC,198011120,212024,22S,WILMINGTON
EXIT 6 PUB AND BREWERY LLC,633048034,201120,MICB,COTTLEVILLE
F & F FINE WINES INTERNATIONAL INC.,069020000,218466,22S,STAMFORD
F & R WINE IMPORTS LLC,631192945,247894,22S,WEBSTER GROVES
F.B. MCDONALD IMPORTS INC.,816112469,231749,22S,ASPEN
F.L. NAVARRO LIMITED,11201,246631,22S,BROOKLYN
"FABLEIST WINE COMPANY, THE",934460000,242199,22S,PASO ROBLES
FASEL SHENSTONE LLC,921266300,225752,22S,SAN DIEGO
FELIX SOLIS AVANTIS USA INC.,945587511,225530,22S,NAPA
FENCE STILE LLC,640245370,180255,22MS,EXCELSIOR SPRINGS
FERMENTED PROJECTS LLC,631430000,238764,MICB,MAPLEWOOD
FERRARI-CARANO VINEYARDS AND WINERY LLC,954489133,131096,22S,HEALDSBURG
FETZER VINEYARDS,954499813,201549,22S,HOPLAND
FIERI ENTERPRISES LLC,954484406,240881,22S,HEALDSBURG
FIERS BREWERIES LLC,612541990,240346,22S,GENESEO
FIFTH GENERATION INC.,787199769,171568,LS,AUSTIN
FINCH'S BEER COMPANY LLC,606304214,238834,22S,CHICAGO
FIRE TAIL BRANDS LLC,633671853,188127,LS,LAKE ST. LOUIS
FIREMAN'S BREW INC.,913041846,235318,22S,CANOGA PARK
FIRESTEED CORPORATION,981011313,88203,22S,SEATTLE
"FIRESTONE WALKER, LLC",934463993,235215,22S,PASO ROBLES
FISHER VINEYARDS,954049692,163439,22S,SANTA ROSA
FIVE GRAPES LLC,954763803,228050,22S,SONOMA
FIVE STAR BREWING COMPANY INC.,891131354,192486,22S,LAS VEGAS
FLATBRANCH BREWING INC.,652014230,78271,MICB,COLUMBIA
FLORA SPRINGS WINE COMPANY,945741611,78217,22S,ST HELENA
FLORIDA WINERY INC.,652832177,226973,22MS,FLORIDA
FN CELLARS LLC,945620000,240123,22S,OAKVILLE
FOLEY FAMILY WINES INC.,954765717,188186,LS,SONOMA
FOLIO WINE COMPANY LLC,945587577,209529,LS,NAPA
FORISTELL ENTERPRISES LLC,633905123,228076,22MS,WRIGHT CITY
"FORMAN, RICHARD",945749613,186802,22S,ST. HELENA
FORTH DRY CREEK ESTATE LLC,954480813,190047,22S,HEALDSBURG
"FOUNTAIN ON LOCUST INC., THE",631030000,234747,LMS,ST. LOUIS
FOUR HORSES & A DOG LLC,640248406,223309,DOMW,EXCELSIOR SPRINGS
"FOUR ROSES DISTILLERY, LLC",403429734,179769,LS,LAWRENCEBURG
"FRANCIS COPPOLA WINERY, LLC",954419325,168435,22S,GEYSERVILLE
FRANK FAMILY VINEYARDS LLC,945159675,172401,22S,CALISTOGA
FRANK-LIN DISTILLERS PRODUCTS LTD.,945339734,105629,LS,FAIRFIELD
FREDERICK WILDMAN & SONS LTD.,100224985,239314,LS,NEW YORK
"FREE STATE BREWING CO., INC.",660442236,186627,22S,LAWRENCE
FREELANCE WINES LLC,952405621,229269,22S,LODI
FREEMAN FAMILY WINERY LLC,954723031,198561,22S,SEBASTOPOL
FREIXENET U.S.A. INC.,954769285,123923,22S,SONOMA
FREY VINEYARDS LTD.,954706135,68293,22S,REDWOOD VALLEY
"FRIAS, MANUEL & MARIA",945159647,236821,22S,CALISTOGA
FRIENDSHIP BREWING COMPANY LLC,633851700,233586,MICB,WENTZVILLE
FRINGE BEERWORKS TAPROOM LLC,64063,243225,MICB,LEE'S SUMMIT
FRITZ CELLARS INC.,954259742,155142,22S,CLOVERDALE
FRONT ROW PROPERTY LLC,658062023,203419,MICB,SPRINGFIELD
"FRUIT OF THE VINES, INC.",111015960,180822,22S,LONG ISLAND CITY
FULL THROTTLE SLOON SHINE LLC,382591501,228401,LS,TRIMBLE
FUNKWERKS LLC,805242789,249626,22S,FORT COLLINS
FUSED WINES LP,945581100,201193,22S,NAPA
G.K. SKAGGS INC.,926187450,190594,22S,IRVINE
G.S.W.C. INC.,914061711,238640,LS,VAN NUYS
"GAMBRINUS COMPANY, THE",782323735,178896,22S,SAN ANTONIO
GANDONA INC.,945740000,229270,22S,ST. HELENA
GB ACQUISITION INC.,641062919,171250,MICB,KANSAS CITY
"GEORGETOWN TRADING CO., LLC",200061631,216211,LS,WASHINGTON
GF WINES LLC,954488355,201090,22S,HEALDSBURG
GFBC INC.,921214100,200050,22S,SAN DIEGO
GJS SALES INC.,532041549,247845,22S,MILWAUKEE
GLJR WINE LLC,94574,248290,22S,ST. HELENA
GLOBAL SPIRITS USA LLC,100054401,242732,LS,NEW YORK
GLOBAL UNIVERSAL SRL,535662036,227574,LS,MONROE
"GLOBAL VINEYARD, THE",947101459,131800,22S,BERKELEY
GO AMERICA GO LLC,057700000,236916,LS,SHOREHAM
GO WINE LLC,331427725,247629,22S,MIAMI
GOLDEN GLASS WINE LLC,853084739,242069,LS,GLENDALE
GOLDEN ROCK WINERY LLC,650202649,196453,22MS,CAMDENTON
GOLDRIDGEPINOT.COM LLC,954726470,214892,22S,SEBASTOPOL
GOLDSCHMIDT VINEYARDS LLC,954483820,152096,22S,HEALDSBURG
GOOD NEWS BREWING COMPANY LLC,63366,245665,MICB,O'FALLON
GOOD SPIRITS DISTILLING LLC,660625404,228714,LS,OLATHE
GOODWOOD BREWING COMPANY LLC,402020000,241789,22S,LOUISVILLE
GOOSE RIDGE LLC,993208568,177705,22S,BENTON CITY
"GORDON BROTHERS CELLARS, INC.",993019711,186887,22S,PASCO
GOTHIC WINE LLC,945151410,227536,22S,CALISTOGA
GRAND PRIX BEVERAGE LLC,631113653,208805,LS,ST. LOUIS
GRAND TETON VODKA INC.,834224862,243513,LS,DRIGGS
GRANITE CITY RESTAURANT OPERATIONS INC.,641531842,180432,MICB,KANSAS CITY
GRANITE CITY RESTAURANT OPERATIONS INC.,631417108,182688,MICB,CREVE COEUR
"GRAPES OF HELD WINERY & VINEYARD, LLC",639390239,193585,DOMW,FAIRDEALING
GRAPES OF SPAIN INC.,220791522,179928,22S,LORTON
GRATON SPIRITS COMPANY LLC,95444,249115,LS,GRATON
"GRAZIANO, GREGORY",954709695,224078,22S,REDWOOD VALLEY
GREAT AMERICAN WINERIES INC.,93940,249114,LS,MONTEREY
GREAT DIVIDE BREWING COMPANY,802052512,163809,22S,DENVER
GREAT DOMAINS & ESTATES LLC,954929554,217415,22S,WINDSOR
GREEN ROOM BURGERS & BEER LLC,641113010,210058,MICB,KANSAS CITY
GREER BREWING COMPANY LLC,63011,244881,MICB,ELLISVILLE
GRGICH HILLS CELLAR,945730450,49258,22S,RUTHERFORD
GRIESEDIECK BROTHERS BREWERY CORP.,631471840,230438,LS,ST. LOUIS
GRIMM'S TREE BREWING LLC,630551712,240733,MICB,LABADIE
GRINDERS HIGH NOON LLC,660482821,243872,22S,LEAVENWORTH
GRINDSTONE VALLEY WINERY LLC,644740000,229051,22MS,OSBORN
"GROSS, ROBERT J.",970077871,206648,22S,BEAVERTON
GROTH VINEYARDS & WINERY LLC,945620390,115472,22S,OAKVILLE
"GTBC, LLC",834555500,181404,22S,VICTOR
GUARACHI WINE PARTNERS INC.,913641224,100554,22S,WOODLAND HILLS
GUARDIAN WINERY LLC,945587574,204902,22S,NAPA
HAAS BROTHERS INC.,941295268,240301,LS,SAN FRANCISCO
HAHN ESTATE,939600000,239576,22S,SOLEDAD
"HAHN, WILLIAM F.",636019399,160685,DOMW,PARK HILLS
HALBY MARKETING INC.,954420000,113339,LS,GLEN ELLEN
HALCYON SYNDICATE LTD. LLC,94133,246400,LS,SAN FRANCISCO
HALL WINES LLC,945742200,145075,22S,ST. HELENA
HAMMLER WINE CORP.,939249372,238006,22S,CARMEL VALLEY
HANATORO WINERY LLC,97401,244360,22S,EUGENE
HAND PICKED SELECTIONS INC.,201864349,103669,22S,WARRENTON
HARBINGER LLC,641080000,242924,MICB,KANSAS CITY
"HARRIS, RENNICK & MARILYN",945620323,167887,22S,OAKVILLE
HAWAII SEA SPIRITS LLC,967900000,240344,LS,KULA
HDD LLC,954480000,231519,22S,HEALDSBURG
HEARTLAND BEVERAGE LTD.,641451526,43371,LS,KANSAS CITY
HEAVEN HILL DISTILLERIES INC.,400042229,13887,LS,BARDSTOWN
HEAVY RIFF BREWING COMPANY LLC,631393305,239352,MICB,ST. LOUIS
HEINEKEN USA INC.,106011841,83038,22S,WHITE PLAINS
HEINRICHSHAUS INC.,655598495,120088,DOMW,ST JAMES
HEITZ WINE CELLARS,945749537,67015,22S,ST HELENA
HEMINGWAY RUM COMPANY LLC,334834574,239776,LS,DELRAY BEACH
HEMMAN WINERY LLC,63737,246057,22MS,BRAZEAU
HENDRY PREMIUM IMPORTS INC.,600143552,178620,22S,CRYSTAL LAKE
"HENDRY, GEORGE O.",945589706,212179,22S,NAPA
HENRIOT INC,100114637,186141,22S,NEW YORK
HERITAGE ROAD VINTNERS LLC,945587516,233932,22S,NAPA
HERITAGE WINE CELLARS LTD.,607143306,202141,LS,NILES
HERMANNHOF INC.,650411116,184834,22MS,HERMANN
HERMANNHOF INC.,650411138,213640,22MS,HERMANN
HESS COLLECTION WINERY,945589708,67069,22S,NAPA
HIDALGO IMPORTS LLC,33166,248032,22S,MIAMI
HIGH HEEL BREWING LLC,63124,246710,22S,LADUE
HIGH LIFE SALES COMPANY,641451526,232114,LS,KANSAS CITY
HIGH PLAINS INC.,660026106,155143,LS,ATCHISON
"HIGHLANDS RESTAURANT & BREWING CO., LLC",631224025,205882,22MS,KIRKWOOD
NEW AGE IMPORTS LLC,070442913,223118,22S,VERONA
HILL FOOD SERVICE LLC,631352716,189829,MICB,FERGUSON
HIRSCH WINERY LLC,954219659,180216,22S,CAZADERO
HOFF FARMS INC.,66061,245173,22S,OLATHE
HOME BREW MART INC.,921212405,235712,22S,SAN DIEGO
HONEYWOOD INC.,973022521,184678,LS,SALEM
"HOOD RIVER DISTILLERS, INC.",970311177,138807,LS,HOOD RIVER
"HOOPES, SPENCER W.",945620000,238889,22S,OAKVILLE
"HOOVER VINTNERS, LLC.",650412300,191282,22MS,HERMANN
HOPE WINE LLC,945586221,212487,22S,NAPA
HOPEWELL VIEWS HUNTING CLUB INC.,623703308,207186,22S,ROCKPORT
HORST VINEYARDS LLC,655480000,184835,DOMW,MOUNTAIN VIEW
HOURGLASS WINE COMPANY INC.,945159649,219180,22S,CALISTOGA
"HOUSE OF BURGUNDY INC., THE",100192901,216819,LS,NEW YORK
HUMMINGBIRD VINEYARD & WINERY LLC,65265,244181,DOMW,MEXICO
HUNEEUS VINTNERS LLC,945730505,162454,22S,RUTHERFORD
HUNGRY HOLLOW BREWING COMPANY LLC,656258355,245624,22MS,CASSVILLE
HUNTER VALLEY WINERY LLC,637017801,195404,22MS,CAPE GIRARDEAU
HUTSON IMPORTS LLC,63042,249434,22S,HAZELWOOD
IDEAL WINE & SPIRITS COMPANY INC.,021556903,142927,22S,MEDFORD
IDEALINE MARKETING AND PRODUCTS INC.,641163502,236384,MICB,NORTH KANSAS CITY
ILLYRIAN IMPORT INC.,483061527,248285,LS,ROCHESTER
IMBUE WINE CELLARS LLC,971285035,201555,22S,MCMINNVILLE
IMPERIAL BRANDS INC.,334102848,165803,LS,PALM BEACH GARDENS
INDIAN HILLS VINES & WINES LLC,639608007,175436,DOMW,PUXICO
INDIAN PEAKS BREWING CO.,805015809,172001,22S,LONGMONT
INDIAN SPRINGS BREWING COMPANY LLC,64850,246662,22MS,NEOSHO
INDIAN SPRINGS BREWING COMPANY LLC,64850,246664,22MS,NEOSHO
INDIGENOUS SELECTIONS LLC,333061905,175171,22S,FORT LAUDERDALE
INDIGO WINE GROUP LLC,342852317,169750,22S,VENICE
"INFINITE MONKEY THEOREM, THE",802050000,236136,22S,DENVER
INFINIUM SPIRITS INC.,926562654,242177,LS,ALISO VIEJO
INNOVINO INTERNATIONAL INC.,33321,246706,22S,TAMARAC
INTEGRITY WINES LLC,100188757,236576,22S,NEW YORK
INTERACTIONS AND TRANSACTIONS INC.,945580000,238990,LS,NAPA
INTERNATIONAL CELLARS LLC,22182,248989,22S,VIENNA
INTERNATIONAL DISTILLERS & VINTERS LTD.,982036030,246986,LS,EVERETT
INTERSECT BEVERAGE LLC,917410000,236686,LS,GLENDORA
INTERTRADE USA COMPANY,600893621,184993,LS,BUFFALO GROVE
INVOER EKKE LLC,109680000,236692,22S,PIERMONT
IONIA ATLANTIC IMPORTS LLC,631442815,176479,22S,ST LOUIS
IRON HORSE VINEYARDS,954722137,147770,22S,SEBASTOPOL
J & D WINES INC.,902483124,247627,LS,GARDENA
J. LOHR WINERY CORPORATION,951262739,40974,22S,SAN JOSE
J. PEDRONCELLI WINERY,954419638,163212,22S,GEYSERVILLE
JACK CREEK CELLARS INC.,934659713,230869,22S,TEMPLETON
JACK POUST & COMPANY INC.,101700499,205162,22S,NEW YORK
JACKSON FAMILY ENTERPRISES INC.,954031069,199573,22S,SANTA ROSA
"JACKSON STREET BREW CO., LLC",637750000,239653,MICB,PERRYVILLE
JACOB LEINENKUGEL BREWING COMPANY LLC,547291318,203085,22S,CHIPPEWA FALLS
JACOB RIEGER & COMPANY LLC,641201501,224167,LMS,KANSAS CITY
JACOB'S VINEYARD LLC,635017956,229091,22MS,KIRKSVILLE
JACUZZI FAMILY VINEYARDS LLC,954762814,169746,22S,SONOMA
JAM CELLARS INC.,954769739,244414,22S,SONOMA
JANDELL SELECTIONS LTD.,106013554,206651,LS,WHITE PLAINS
JARVIS,945589615,211123,22S,NAPA
JAX VINEYARDS LLC,941071812,191420,22S,SAN FRANCISCO
JC CELLARS INC.,95403,176399,22S,SANTA ROSA
JC-ARANDAS INC.,640298642,176604,LS,GRAIN VALLEY
JEAN CLAUDE BOISSET WINES USA INC.,945741645,219435,LS,ST. HELENA
JEM BEVERAGE COMPANY LLC,762584189,244077,LS,PILOT POINT
JFC INTERNATIONAL INC.,601335477,121476,22S,HANOVER PARK
JIM BEAM BRANDS CO.,606541103,225198,LS,CHICAGO
JINRO AMERICA INC.,900103910,240523,LS,LOS ANGELES
JOHN ANTHONY VINEYARDS LLC,945587584,244416,22S,NAPA
JOMADA IMPORTS LLC,600476713,185885,LS,LAKE ZURICH
JOSEPH PHELPS VINEYARDS LLC,945749544,166421,22S,ST. HELENA
JOSEPH VICTORI WINES INC.,117433317,111759,22S,HUNTINGTON
JOURNEYMAN DISTILLERY LLC,491281064,211799,LS,THREE OAKS
JOWLER CREEK WINERY INC.,640799335,167457,22MS,PLATTE CITY
JUSTIN VINEYARDS & WINERY LLC,934469792,197210,22S,PASO ROBLES
JVW CORPORATION,954489003,174317,22S,HEALDSBURG
KALONA BREWERY COMPANY,522470816,234437,22S,KALONA
KAMEN WINES LLC,954762802,177539,22S,SONOMA
KANSAS CITY BIER COMPANY LLC,641140000,216191,22MS,KANSAS CITY
KANSAS CITY CIDER COMPANY LLC,64501,248080,DOMW,ST. JOSEPH
KANSAS TERRITORY BREWING CO.,669681908,239882,22S,WASHINGTON
KATY BREWING COMPANY,63376,244147,MICB,ST. PETERS
KB WINES LLC,954720000,231747,22S,SEBASTOPOL
KC WINEWORKS LLC,641081817,236027,DOMW,KANSAS CITY
"KC WINEWORKS, LLC",635523526,225126,DOMW,MACON
"KEESAMAN, KASEY C. & CHRISTINA D.",644309045,218007,MICB,OSBORN
"KEESAMAN, REBECCA A.",644740000,201485,DOMW,OSBORN
KELTOI VINEYARD LLC,648559129,153428,DOMW,ORONOGO
KENTUCKY BOURBON DISTILLERS LTD.,400042200,199104,LS,BARDSTOWN
KERMIT LYNCH WINE MERCHANT,947021317,66956,22S,BERKELEY
KERWIN ESTATE LLC,945150000,238513,22S,CALISTOGA
KINDRED DISTILLED SPIRITS LLC,934466309,226064,LS,PASO ROBLES
KING DAVID'S WINERY LLC,639019691,236473,DOMW,POPLAR BLUFF
KING ESTATE WINERY LIMITED PARTNERSHIP,974059715,118009,22S,EUGENE
"KINGERY, HOLLY J.",639390000,148029,DOMW,FAIRDEALING
KINSELLA ESTATES WINERY LLC,954480000,230354,22S,HEALDSBURG
KISMET WINE INC.,95476,243063,22S,SONOMA
KITFOX VINEYARDS LLC,954729782,200051,22S,SEBASTOPOL
KLEIN FOODS INC.,954489523,49912,22S,HEALDSBURG
KLINKER BRICK WINERY INC.,952409331,235883,22S,LODI
KOBRAND CORPORATION,105772100,13897,LS,PURCHASE
KOENIG DISTILLERY INC.,836079578,236045,LS,CALDWELL
KOVAL INC.,606405386,193332,LS,CHICAGO
KRA-ZE LLC,063701126,244203,LS,OAKDALE
KRUTZ FAMILY CELLARS LLC,954030000,200092,22S,SANTA ROSA
KUENZEL VALLEY WINERY LLC,630682335,203421,DOMW,NEW HAVEN
KYSELA PERE ET FILS LTD.,226024566,173306,LS,WINCHESTER
"L. FOPPIANO WINE CO., INC.",954489241,203083,22S,HEALDSBURG
LA GRANJA WINERY INC.,934460000,229630,22S,PASO ROBLES
LABATT USA OPERATING CO LLC,142022214,246636,22S,BUFFALO
LABELLA WINERY LLC,640978100,196513,DOMW,WELLINGTON
LACHANCE VINEYARDS LLC,630204779,223374,DOMW,DE SOTO
LADOGA RIDGE VINEYARD & WINERY LLC,640898739,197179,22MS,SMITHVILLE
LADY HILL LLC,97137,242730,22S,ST. PAUL
"LAETITIA VINEYARD & WINERY, INC.",934209701,129671,22S,ARROYO GRANDE
"LAGUNITAS BREWING COMPANY, THE",949541113,235216,22S,PETALUMA
LAIRD & COMPANY,077249724,57959,LS,SCOBEYVILLE
LAIRD FAMILY ESTATE LLC,945581326,184824,22S,NAPA
LAKE CREEK WINERY LLC,63357,243314,22MS,MARTHASVILLE
LAKE HILL WINERY INC.,623213415,241504,22S,CARTHAGE
"LAKESIDE WINERY, INC.",652513440,201267,DOMW,FULTON
"LAMBS AND VINES WINERY, INC.",657460000,217506,DOMW,SEYMOUR
LANGDON SHIVERICK INC.,900142067,176087,22S,LOS ANGELES
LANGE WINERY LLC,971159771,235269,22S,DUNDEE
LAPHAM SALES AND MARKETING INC.,331695821,234699,LS,MIAMI
LASZLO CORPORATION,633047119,188634,22MS,ST. PETERS
LATITUDE BEVERAGE COMPANY,105061256,242432,22S,BEDFORD
"LAURENT-PERRIER US, INC.",111011636,110242,22S,LONG ISLAND CITY
"LAZY MAGNOLIA BREWING CO., LLC",395568000,220604,22S,KILN
LCF WINE COMPANY LLC,952209187,223990,22S,ACAMPO
LE GRAND COURTAGE LLC,900244971,221236,22S,LOS ANGELES
LE RAISIN IMPORTS LLC,752052733,236284,22S,DALLAS
LEAKY ROOF MEADERY LLC,656224500,219829,22MS,BUFFALO
LEONARD KREUSCH INC.,076472406,85819,LS,NORTHVALE
LEONARD WINE COMPANY LLC,945584732,234957,22S,NAPA
LEONARDINI FAMILY WINERY LLC,945749775,210624,22S,ST. HELENA
LEONETTI CELLAR LLC,993629052,226937,22S,WALLA WALLA
LES BOURGEOIS VINEYARDS INC.,652799496,214262,LMS,ROCHEPORT
LES LUNES WINE LLC,945632331,249499,22S,ORINDA
LEVECKE CORPORATION,917523235,111624,LS,MIRA LOMA
"LEWIS, KENNETH W.",63670,199577,DOMW,STE. GENEVIEVE
LF WINES LLC,95492,248869,22S,WINDSOR
LIFTED SPIRITS DISTILLATION LLC,641080000,240927,LMS,KANSAS CITY
LILE WINE LLC,641262812,220514,LS,KANSAS CITY
LIMERICK LANE CELLARS INC.,954489537,247766,22S,HEALDSBURG
LINCOLN SQUARE WINE COMPANY LLC,934465910,243510,22S,PASO ROBLES
LINDWEDEL WINE GARDEN LLC,656166136,190656,22MS,BRANSON
LION NATHAN USA INC.,662102151,196759,22S,OVERLAND PARK
LIQUID BRANDS LLC,020663760,200544,22S,SCITUATE
LLAURADOR WINES LLC,949301678,247846,22S,FAIRFAX
LO DUCA BROTHERS INC.,531517954,124802,22S,NEW BERLIN
LOADED SPIRITS LLC,660625404,248725,LS,OLATHE
LOEST AND MCNAMEE INC.,191394526,162345,22S,PHILADELPHIA
LOGBOAT BREWING COMPANY LLC,652014782,220648,MICB,COLUMBIA
"LOHR DISTRIBUTING COMPANY, INC.",631043511,194578,LS,ST. LOUIS
LONG ISLAND SPIRITS INC.,11933,248154,LS,BAITING HOLLOW
LONG MEADOW RANCH WINERY INC.,945749807,234639,22S,ST. HELENA
"LONG, KRISTY I. & KEVIN LEE",653503622,215471,22MS,SMITHTON
LOOSEN BROS. USA LTD.,970458496,155765,22S,OREGON CITY
"LORBERT IMPORTS, LLC",631321307,217633,22S,OVERLAND
LOST CREEK VINEYARD LLC,633573534,198426,DOMW,MARTHASVILLE
LOST SIGNAL BREWING COMPANY LLC,658061240,242220,MICB,SPRINGFIELD
LOUIS GLUNZ BEER INC.,607122740,200366,LS,LINCOLNWOOD
LOUIS P. BALDUCCI VINEYARDS LLC,633321617,122401,DOMW,AUGUSTA
LOWDEN SCHOOLHOUSE CORPORATION,993600111,183251,22S,LOWDEN
LUCAS & LEWELLEN VINEYARDS INC.,934279561,191698,22S,BUELLTON
"LUCKY STRIKE CORPORATION, THE",606141320,242045,22S,CHICAGO
"LUDWIG, GREGORY LYNN",637557161,237573,22MS,JACKSON
"LUETJEN, RODGER D. & THEILA J.",653251211,134145,DOMW,COLE CAMP
"LUNA UMBRA WINERY, LLC",64772,244738,DOMW,NEVADA
LUNA VINEYARDS INC.,945582016,232658,22S,NAPA
LUNEAU USA INC.,068805959,146158,LS,WESTPORT
LUXCO INC.,441111501,202980,LS,CLEVELAND
"LUXCO, INC.",631391106,13803,LMS,ST LOUIS
LUXE VINTAGES LLC,334840000,228192,LS,DELRAY BEACH
M.S. WALKER INC.,021360000,193090,LS,BOSTON
M.W. FAMILY WINE COMPANY LLC,945583083,242358,22S,NAPA
MACCHU PISCO LLC,208176607,242729,LS,BETHESDA
MACH FLYNT INC.,945039604,228164,LS,AMERICAN CANYON
MADRIGAL FAMILY WINES LLC,94515,244542,22S,CALISTOGA
MADRONA PROPERTY COMPANY INC.,954488045,247847,22S,HEALDSBURG
MAGAVE TEQUILA INC.,949201048,219970,LS,TIBURON
MAGNUM SOURCE LLC,641113667,165123,22S,KANSAS CITY
MAIN AND MILL BREWING COMPANY LLC,630281907,242860,22MS,FESTUS
MAISONS MARQUES & DOMAINES USA INC.,946074104,75623,22S,OAKLAND
MAJOR BRANDS INC.,631432623,178675,LS,ST. LOUIS
MAKK WINE LLC,971159729,240012,22S,DUNDEE
MALDONADO WINES LLC,945159728,216957,22S,CALISTOGA
MALLINSON MANOR INC.,640501102,214536,DOMW,SUGAR CREEK
MANGO BOTTLING INC.,329225208,96998,LS,COCOA
MANNEKEN-BRUSSEL IMPORTS INC.,787045350,173664,22S,AUSTIN
"MANOS, INC.",641081714,224975,22MS,KANSAS CITY
MARGERUM WINE COMPANY INC.,934279565,212637,22S,BUELLTON
MARIETTA CELLARS INC.,954410000,202265,22S,GEYSERVILLE
MARIMAR TORRES ESTATE CORPORATION,954728901,216229,22S,SEBASTOPOL
MARK ANTHONY BRANDS INC.,606615627,209209,22S,CHICAGO
MARKET VINEYARDS LLC,993527754,195243,22S,RICHLAND
MARQUEE SELECTIONS LLC,641113667,180209,22S,KANSAS CITY
MARSHALL BREWING COMPANY LLC,741043214,205377,22S,TULSA
MARTIAN RANCH & VINEYARD,93440,248284,22S,LOS ALAMOS
MARTIN BROTHERS VINEYARD & WINERY LLC,65041,247334,22MS,HERMANN
MARTIN RAY WINERY INC.,954013705,127358,22S,SANTA ROSA
MARY MICHELLE WINERY & VINEYARD LLC,620169601,148361,22S,CARROLLTON
"MASON, CARL E.",637716241,213735,DOMW,ORAN
MASSANOIS LLC,100167322,224079,22S,NEW YORK
"MAST-JAEGERMEISTER US, INC.",10606,233931,LS,WHITE PLAINS
MASTERMIND VODKA INC.,620406408,203589,LS,PONTOON BEACH
MATTHIASSON FAMILY VINEYARDS,94558,246604,22S,NAPA
MAURITSON FAMILY WINERY,954488230,197327,22S,HEALDSBURG
MB ROLAND DISTILLERY INC.,422669437,206377,LS,PEMBROKE
MCBCO BREWERY LLC,641451672,219856,MICB,KANSAS CITY
MCCORMICK DISTILLING COMPANY INC.,640989558,74500,LMS,WESTON
MCCORMICK DISTILLING COMPANY INC.,640981204,94660,22MS,WESTON
"MCCORMICK WINE IMPORTS, LLC",631193765,242081,22S,WEBSTER GROVES
MCCOY'S PUBLIC HOUSE LLC,641113021,149833,MICB,KANSAS CITY
"MCCULLOUGH HOUSE WINERY LLC, THE",657910000,229084,22MS,THAYER
MCMANIS FAMILY VINEYARDS,953669711,136920,22S,RIPON
MEDLOCK AMES VINTNERS LLC,954489043,220076,22S,HEALDSBURG
MEIER'S WINE CELLARS INC.,452363733,233305,LS,SILVERTON
MEMALOOSE LLC,98636,247267,22S,LYLE
MENDOCINO WINE GROUP LLC,954823015,148425,22S,UKIAH
MERAMEC VINEYARDS LLC,655591000,113972,DOMW,ST JAMES
MERCER WINE ESTATES LLC,993506572,214444,22S,PROSSER
MERCHANT DU VIN CORPORATION,981043471,99681,22S,SEATTLE
MERCHANT DU VIN CORPORATION,641201257,135409,22S,KANSAS CITY
MESA VINEYARDS L.P.,797350130,153061,22S,FORT STOCKTON
METRO PARK WAREHOUSES INC.,641164331,244580,LS,NORTH KANSAS CITY
"METRO WINE DISTRIBUTION CO., INC.",108013412,249151,22S,NEW ROCHELLE
METTLER WINES LLC,952400000,238204,22S,LODI
MEV CORPORATION,950709729,141962,22S,SARATOGA
MEXCOR INC.,770784516,189465,LS,HOUSTON
MEYER CELLARS LLC,954940294,183570,22S,YORKVILLE
MEYER FARMS INC.,657126319,219242,22MS,MOUNT VERNON
MHW LTD.,110303022,93387,LS,MANHASSET
MI SUENO WINERY INC.,945586209,210439,22S,NAPA
MIAMI CREEK FARM LLC,647420000,233104,MICB,DREXEL
MICHAEL SKURNIK WINES INC.,100102784,109438,22S,NEW YORK
MIDDLE WEST SPIRITS LLC,432013695,237355,LS,COLUMBUS
MILBRANDT FAMILY WINES LLC,993506733,239313,22S,PROSSER
MILL CREEK WINERY LIMITED COMPANY,636709219,209268,DOMW,STE. GENEVIEVE
MILLER SQUARED INC.,600896937,168540,22S,BUFFALO GROVE
MILLERCOORS LLC,532082816,245896,22S,MILWAUKEE
MILLIE B.JONES IRREVOCABLE TRUST J.JONES,993490000,227065,22S,MATTAWA
"MILTON'S DISTRIBUTING CO., INC.",020481805,185679,22S,MANSFIELD
MINGLEWOOD BREWERY LLC,637017326,224874,MICB,CAPE GIRARDEAU
MIONETTO USA INC.,106011719,176403,22S,WHITE PLAINS
MISA IMPORTS INC.,752356222,185221,LS,DALLAS
MISSISSIPPI RIVER DISTILLING COMPANY,527539220,199918,LS,LECLAIRE
MISSOURI BEER COMPANY LLC,633661926,244436,MICB,O'FALLON
MISSOURI BEER COMPANY LLC,633661926,247836,22MS,O'FALLON
MISSOURI RIDGE DISTILLERY LLC,656160000,238879,LMS,BRANSON
MISSOURI SPIRITS HOUSE LLC,658062043,203304,LMS,SPRINGFIELD
MISSOURI STATE UNIVERSITY-MOUNTAIN GROVE,657112999,134902,LMS,MOUNTAIN GROVE
MISTARR WINE IMPORTERS,945102940,249150,22S,BENICIA
"MODERN BREWERY INC., THE",631280000,233795,22MS,ST. LOUIS COUNTY
MODERN SPIRITS LLC,900211733,189825,LS,LOS ANGELES
"MOET HENNESSY USA, INC.",100114725,147056,LS,NEW YORK
MONSIEUR TOUTON SELECTION LTD.,100016206,205653,LS,MANHATTAN
MONTANERO MEZCAL LLC,814260758,228400,LS,OPHIR
MONTCALM WINE IMPORTERS LTD.,100070000,223245,22S,NEW YORK
MONTICELLO CELLARS,945581301,106043,22S,NAPA
MONTINORE VINEYARDS LIMITED,971168516,238512,22S,FOREST GROVE
MORE THAN GRAPES LLC,60062,247433,22S,NORTHBROOK
MORGAN STREET BREWERY AND TAVERN INC.,631022518,89485,MICB,ST LOUIS
MORGAN WINERY INC.,939014355,91114,22S,SALINAS
"MORLET SELECTION, INC., THE",945749655,178724,22S,ST HELENA
MORTENSEN NAATZ ENTERPRISES LLC,640989282,202145,DOMW,WESTON
MORTENSEN NAATZ ENTERPRISES LLC,644840000,241815,22MS,RUSHVILLE
MOTHERS BREWING CO LLC,658062001,194145,22MS,SPRINGFIELD
MOUNTAIN CREST SRL LLC,535662055,190266,22S,MONROE
MOUNTAIN PEAK VINEYARDS LLC,945740000,236575,22S,ST. HELENA
MOUNTAIN VALLEY VINEYARDS INC.,954398819,228052,22S,FULTON
MOUNTAIN VIEW VINTNERS LLC,950370000,231323,22S,MORGAN HILL
MPW INC.,633321652,150341,22MS,AUGUSTA
MT. DEFIANCE WINE COMPANY,970318682,243871,22S,HOOD RIVER
MTBC LLC,634013324,223794,MICB,HANNIBAL
MULE 2.0 LLC,558022446,243153,22S,DULUTH
MULTI-V LLC,629027809,239175,LS,CARBONDALE
"MUTUAL TRADING CO., INC.",900132114,245774,LS,LOS ANGELES
NAPA WINE COMPANY LLC,945620434,205375,22S,OAKVILLE
"NATIVE SON BREWERY, LLC",652014898,192474,MICB,COLUMBIA
NATURAL MERCHANTS INC.,975264240,220862,22S,GRANTS PASS
NAVARRO VINEYARDS LLC,954669609,226237,22S,PHILO
"NAYLOR CREEK VINEYARD, INC.",641532212,198777,DOMW,KANSAS CITY
NBI ACQUISTION LLC,947092025,210180,22S,BERKELEY
"NEBRASKA BREWING CO., INC.",681285701,209107,22S,LA VISTA
NEGOCIANTS U.S.A. INC.,945587511,43590,22S,NAPA
NEW BELGIUM BREWING COMPANY INC.,805242457,102603,22S,FORT COLLINS
NEW HOLLAND BREWING COMPANY LLC,494233504,191329,LS,HOLLAND
NEW MEXICO WINERIES INC.,880309033,194449,22S,DEMING
NEW PARROTT & COMPANY,945509149,102340,22S,LIVERMORE
NEW VAVIN INC.,945749657,203590,22S,ST. HELENA
NEXUS BRANDS LLC,80221,242782,22S,DENVER
NICHE IMPORT CO.,079272009,228393,LS,CEDAR KNOLLS
NICHOLSON JONES SELECTIONS LLC,945580000,237203,LS,NAPA
NIEBAUM-COPPOLA ESTATE WINERY LP,945730000,168434,22S,RUTHERFORD
NINKASI LLC,631083204,176862,MICB,ST. LOUIS
NOBLE ESTATE VINEYARD LLC,974029053,185399,22S,EUGENE
NOBOLEIS VINEYARDS LLC,633321333,181549,22MS,AUGUSTA
NOLET SPIRITS USA,926563317,68792,LS,ALISO VIEJO
NORTH COAST BREWING COMPANY INC.,954373215,115906,22S,FORT BRAGG
NORTH SHORE DISTILLERY LLC,600489724,187907,LS,GREEN OAKS
NORTHERN EMPIRE LLC,945581100,201192,22S,NAPA
NOUVEAU VENTURES LLC,537134806,229570,LS,MONONA
NOVA WINES INC.,945749539,103063,22S,ST. HELENA
NUMBSKUL BEVERAGE COMPANY LLC,600603826,236070,22S,MUNDELEIN
NW WINE COMPANY LLC,971159028,218055,22S,DUNDEE
O'MALLEY'S OF WESTON LLC,640981242,155120,22MS,WESTON
"O'MALLEY'S OF WESTON, LLC",640981249,203650,22MS,WESTON
"O'NEILL BEVERAGES CO., LLC",936489708,190265,LS,PARLIER
OAK RIDGE WINERY LLC,952400804,155162,22S,LODI
OAKGLENN WINERY LLC,650410096,201397,22MS,HERMANN
OCTOPI BREWING LLC,535978947,244290,22S,WAUNAKEE
ODELL BREWING COMPANY INC.,805242507,163274,22S,FT. COLLINS
ODESSA COUNTRY WINERY LLC,640765412,160448,DOMW,ODESSA
ODISEA WINE COMPANY LLC,945587574,184344,22S,NAPA
OF THE EARTH FARM DISTILLERY LLC,640848196,210590,LMS,RAYVILLE
"OLD BAKERY BEER COMPANY, THE",620022405,233615,22S,ALTON
OLD BRIDGE CELLARS,945592424,167584,22S,NAPA
OLD FARM WINERY LLC,63105,244978,22MS,CATAWISSA
OLDE TOWNE CAPE BREWING COMPANY LLC,637017309,234807,MICB,CAPE GIRARDEAU
OLDE WORLD IMPORTS INC.,071054402,185963,LS,NEWARK
OLE IMPORTS LLC,108016560,198981,22S,NEW ROCHELLE
OLE SMOKY DISTILLERY LLC,377383183,219048,LS,GATLINBURG
"OLIVER WINE CO., INC.",474042400,157490,22S,BLOOMINGTON
ONE TRUE VINE LLC,945749667,176902,22S,ST. HELENA
"OOVVDA, INC.",658038180,145331,DOMW,SPRINGFIELD
OPICI IMPORT COMPANY,074523301,136435,LS,GLEN ROCK
OPOLO WINES LP,934467684,190263,22S,PASO ROBLES
ORCHARD GATE,484330000,185400,22S,FLUSHING
OREGON BREWING COMPANY INC.,973655261,162583,LS,NEWPORT
OREGON WINE SERVICES AND STORAGE LLC,63146,249619,22S,MARYLAND HEIGHTS
ORIN SWIFT CELLARS LLC,945741905,183252,22S,ST. HELENA
ORIN SWIFT CELLARS LLC,94558,248292,LS,NAPA
ORION WINE IMPORTS LLC,337600000,239312,22S,CLEARWATER
ORVINO IMPORTS & DISTRIBUTING INC.,33065,246156,22S,CORAL SPRINGS
OSAGE ORANGE VINEYARD & WINERY LLC,63544,247284,22MS,GREEN CASTLE
OSKAR BLUES BREWERY LLC,805016793,231322,22S,LONGMONT
OTT ENTERPRISES LLC,631432116,195418,LS,MAPLEWOOD
OWEN ROE LLC,971323577,205258,22S,NEWBERG
OZARK DISTILLERY LLC,650654815,212764,LMS,OSAGE BEACH
OZARK MOUNTAIN DISTILLING LLC,657348708,240323,LMS,PURDY
OZARK MOUNTAIN WINERY LLC,656336301,211115,DOMW,CRANE
OZARKS BREWING COMPANY LLC,65775,246442,MICB,WEST PLAINS
PABST BREWING COMPANY LLC,782161852,228717,22S,SAN ANTONIO
PACIFIC EDGE MARKETING GROUP,913016308,163273,LS,AGOURA HILLS
PAHLMEYER LLC,945741631,192482,22S,ST. HELENA
PALISADES WINE COMPANY LLC,945150000,233934,22S,CALISTOGA
PALM BAY INTERNATIONAL INC.,334314919,215613,LS,BOCA RATON
PAMPA BEVERAGES LLC,331313138,225529,LS,MIAMI
PANEBIANCO LLC,100017504,240300,22S,NEW YORK
PANTHER CREEK CELLARS LLC,97115,246399,22S,DUNDEE
PAPINEAU LLC,993621921,249153,22S,WALLA WALLA
PARADISE DISTRIBUTION COMPANY LLC,801070000,248156,LS,ELIZABETH
"PARAGON VINEYARD CO., INC.",934018335,160836,LS,SAN LUIS OBISPO
PARK STREET IMPORTS LLC,331313004,193331,LS,MIAMI
PATERNO IMPORTS LTD.,600441926,131098,LS,LAKE BLUFF
PATRON SPIRITS CO.,891184516,102905,LS,LAS VEGAS
"PATTON, DENNIS R., & SILVERSTEIN, ANDREA",954013728,244699,22S,SANTA ROSA
PAUL HOBBS IMPORTS INC.,954722327,146939,22S,SEBASTOPOL
PAULANER USA LLC,106043498,241871,22S,WHITE PLAINS
PAVI WINES LLC,945741905,192483,22S,ST. HELENA
PAX MAHLE WINES LLC,954369424,232657,22S,FORESTVILLE
PCJ INC.,945741704,185072,22S,ST. HELENA
PEACEFUL BEND VINEYARD LLC,655655067,106107,DOMW,STEELVILLE
PEACHY CANYON WINERY,934468753,205656,22S,PASO ROBLES
PELLEGRINI RANCHES INC.,954013839,243514,22S,SANTA ROSA
PEPPER BRIDGE WINERY LLC,993627132,185676,22S,WALLA WALLA
PERENNIAL PARTNER LLC,631113535,199015,22MS,ST. LOUIS
PERNOD RICARD USA LLC,105772134,133289,LS,PURCHASE
PERSIMMON RIDGE VINEYARD LLC,630121792,195656,DOMW,BARNHART
PETIT HAMEAU LLC,945591998,247773,22S,NAPA
PHILLIPS FARMS LLC,952429529,165457,22S,LODI
PHUSION PROJECTS LLC,546014471,229273,LS,LA CROSSE
PINE RIDGE WINERY LLC,945589417,66330,22S,NAPA
PINEY RIVER BREWING CO LLC,654449002,194954,MICB,BUCYRUS
PINK DUCK CORPORATION,662212290,242352,LS,OVERLAND PARK
PINNACLE IMPORTS LLC,631393025,109462,22S,ST. LOUIS
PIRTLE WINERY LLC,640981230,207348,22MS,WESTON
PITEC CORPORATION,364016847,233026,LS,EVERGREEN
PL BRANDS INC.,600741156,211621,LS,PALATINE
PLATA WINE PARTNERS LLC,945587565,221788,22S,NAPA
PLUME RIDGE IRREVOCABLE TRUST,917115766,186977,22S,CLAREMONT
POPCORN DESIGN LLC,954483613,168838,LS,HEALDSBURG
PORT WASHINGTON IMPORTS LLC,110500000,239174,22S,PORT WASHINGTON
POST WINERY INC.,728219001,120785,22S,ALTUS
PRAIRIE CREEK BEVERAGES LLC,752202936,246635,LS,DALLAS
PRECEPT BRANDS LLC,981023662,139533,LS,SEATTLE
PREMIUM PORT WINES INC.,941034842,81506,22S,SAN FRANCISCO
PRESTIGE WINE IMPORTS CORPORATION,100118945,80909,22S,NEW YORK
PRICE WINERY LLC,945492415,230132,22S,LAFAYETTE
PRICHARD'S DISTILLERY INC.,373480000,238641,LS,KELSO
PRISON BREWS LLC,651014002,172481,MICB,JEFFERSON CITY
PROLETARIAT WINE COMPANY LLC,99362,243012,22S,WALLA WALLA
PROXIMO SPIRITS INC.,073023066,171204,LS,JERSEY CITY
"PUBLIC HOUSE BREWING COMPANY LLC, THE",654020000,226475,22MS,ST. JAMES
"PUBLIC HOUSE BREWING COMPANY, LLC, THE",654013111,226448,22MS,ROLLA
"PURPLE WINE COMPANY, LLC",954449373,131144,22S,GRATON
QUADY SOUTH WINERY LLC,936379087,231918,22S,MADERA
QUINTESSENTIAL LLC,945590000,241791,LS,NAPA
R.H. KEENAN COMPANY,945749677,107437,22S,ST. HELENA
RACINE WINE CO.,971488422,232442,22S,YAMHILL
"RACKHOUSE WEST WINERY, LLC",633040000,227372,DOMW,COTTLEVILLE
RAHR & SONS BREWING LP,761043355,239548,22S,FORT WORTH
RAINIER WINE LLC,945587590,171787,22S,NAPA
"RAMEY WINE CELLARS, INC.",954484410,144427,22S,HEALDSBURG
"RANDOLPH, LANCE CHARLES",954449373,141997,22S,GRATON
RANSOM SPIRITS LLC,973789725,231617,LS,SHERIDAN
RASA VINEYARDS LLC,993627760,234800,22S,WALLA WALLA
RB WINE ASSOCIATES LLC,954480000,205652,22S,HEALDSBURG
RBZ VINEYARDS LLC,934018208,203855,22S,SAN LUIS OBISPO
RED BARN FOOD & WINE LLC,641021032,162981,22MS,KANSAS CITY
RED BARN FOOD & WINE LLC,64102,176420,22MS,KANSAS CITY
RED FOX WINERY & VINEYARDS LLC,647888149,216308,22MS,URICH
RED MARE WINES LLC,945620000,203180,22S,OAKVILLE
RED MOOSE VINEYARD LLC,655605431,218522,22MS,SALEM
REDEMPTION SPIRITS LLC,194051066,200115,LS,BRIDGEPORT
REDHAWK WINERY INC.,973049704,205058,22S,SALEM
REED ROGER V. & REED DARLENE A.,640680000,237766,DOMW,LIBERTY
REEVE WINES LLC,954760000,238639,22S,SONOMA
REGAL BRAU BREWING COMPANY LLC,535662055,216817,22S,MONROE
REGAL WINE IMPORTS INC.,080574240,193042,22S,MOORESTOWN
REGUSCI WINERY INC.,945589411,180409,22S,NAPA
REMY COINTREAU USA,101040051,15355,LS,NEW YORK
RENTERIA WINES LLC,945159796,193735,22S,CALISTOGA
RESTLESS SPIRITS DISTILLING COMPANY LLC,641160000,234009,LMS,NORTH KANSAS CITY
REVELRY VINTNERS LLC,993629562,200785,22S,WALLA WALLA
RHINELANDER BREWING COMPANY LLC,535662055,196762,22S,MONROE
RIDGE VINEYARDS INC.,950145435,62647,22S,CUPERTINO
RIVER BOTTOMS BREWING COMPANY LLC,646331203,243936,MICB,CARROLLTON
RIVER RIDGE WINERY LLC,63780,244115,DOMW,SCOTT CITY
RO SALES AND DISTRIBUTION SERVICES INC.,95476,202846,22S,SONOMA
"ROBERT FOLEY, LLC",945089774,193478,22S,ANGWIN
ROBERT MONDAVI INVESTMENTS & B PR R,945620000,126026,22S,OAKVILLE
ROBLLER VINEYARD INC.,630682102,209878,DOMW,NEW HAVEN
ROCHE MERE WINE SELECTIONS LLC,67206,243064,22S,WICHITA
ROCK & RUN BREWERY LLC,640680000,217206,MICB,LIBERTY
ROCK & RUN BREWERY LLC,64060,245386,MICB,KEARNEY
ROCK TOWN DISTILLERY INC.,722022712,243154,LS,LITTLE ROCK
ROCK WALL WINE COMPANY INC.,945017554,246987,22S,ALAMEDA
ROCKIN'A DISTILLERY LLC,64739,245141,LMS,CREIGHTON
ROCKING C DISTILLERY LLC,646730000,232220,LMS,PRINCETON
RODINIA LLC,601621457,196170,22S,HILLSIDE
ROESSLER WINE CELLAR LLC,954762817,202017,22S,SONOMA
RONEY CONCESSIONAIRE LLC,954038258,185395,22S,SANTA ROSA
ROOTS RUN DEEP LLC,945587583,177761,22S,NAPA
ROSE IMPORTING & DISTRIBUTING LLC,604452205,110837,22S,CRESTWOOD
ROUND HILL CELLARS,945749542,36276,22S,ST HELENA
"ROW ELEVEN WINE CO., LLC",934610000,153422,22S,SHANDON
ROYAL WINE CORPORATION,070025024,33057,LS,BAYONNE
ROYALTY IMPORTERS LLC,63131,245419,LS,ST. LOUIS
RTV WINERY LLC,934540000,232653,22S,SANTA MARIA
RUBIN WINES LLC,954722158,208527,22S,SEBASTOPOL
RUSSIAN STANDARD VODKA (USA) INC.,100162901,220077,LS,NEW YORK
S & H INDEPENDENT PREMIUM BRANDS EAST,802020000,249740,22S,DENVER
S & H INDEPENDENT PREMIUM BRANDS LLC,802021075,212697,22S,DENVER
S L J GROUP INC.,604339520,62619,22S,JOLIET
SAINT NICHOLAS BREWING CO.,628321515,239622,22S,DU QUOIN
SAINTE GENEVIEVE WINERY LLC,636708264,189673,22MS,STE. GENEVIEVE
SAINTE GENEVIEVE WINERY LLC,636701609,189676,DOMW,STE. GENEVIEVE
SALOON SPIRITS LLC,402996339,242353,LS,LOUISVILLE
SAN ANTONIO WINERY INC.,900312514,118410,22S,LOS ANGELES
"SAN FRANCISCO WINE EXCHANGE INC., THE",94939,243318,22S,LARKSPUR
SAN JOAQUIN WINE COMPANY INC.,936378608,235535,22S,MADERA
SAND CREEK VINEYARD AND WINERY LLC,636407345,216242,DOMW,FARMINGTON
SANGLIER SELECTIONS LLC,603023135,221526,LS,OAK PARK
SANS LIEGE INC.,934492532,219504,22S,PISMO BEACH
SANS WINE & SPIRITS COMPANY,927825104,200620,LS,TUSTIN
SANTA FE BREWING COMPANY,875084493,210614,22S,SANTA FE
SANTA MARGHERITA USA INC.,331391400,226947,LS,MIAMI BEACH
SAPPORO U.S.A. INC.,100366101,197735,22S,NEW YORK
SARMENTO'S IMPORTS & EXPORTS INC.,027204724,227512,LS,FALL RIVER
SAUGATUCK BREWING COMPANY INC.,494065195,236137,22S,DOUGLAS
SAZERAC COMPANY INC.,700028177,13924,LS,METAIRIE
SAZERAC NORTH AMERICA INC.,402233897,182155,LS,LOUISVILLE
SBRAGIA FAMILY VINEYARDS LLC,954419686,219969,22S,GEYSERVILLE
SCENIC ROOT WINEGROWERS LLC,94558,244168,22S,NAPA
"SCHAEFER, CHRISTIAN PETER",910304011,208526,22S,SOUTH PASADENA
SCHEID VINEYARDS CALIFORNIA INC.,939279605,214331,22S,GREENFIELD
"SCHMITT SOHNE, INC.",211083003,18949,22S,MILLERSVILLE
SCHOENWEID FARM LLC,633571792,228921,LMS,MARTHASVILLE
SCOPERTA IMPORTING CO INC.,441181732,240705,22S,CLEVELAND HEIGHTS
SEATTLE CIDER COMPANY LLC,981342360,235306,22S,SEATTLE
"SELECTIVE WINE ESTATES, INC.",079363301,158578,22S,EAST HANOVER
SERGE IMPORT LLC,189662934,227655,LS,HOLLAND
SERRALLES USA LLC,069023550,207460,LS,STAMFORD
SEVEN SPRINGS WINERY LLC,650523507,204277,22MS,LINN CREEK
SHAFER VINEYARDS INC.,945589748,62567,22S,NAPA
SHAND IMPORT LLC,910305218,226817,LS,SOUTH PASADENA
SHANNON RIDGE INC.,954232037,176224,22S,CLEARLAKE OAKS
"SHAPLEY, JEREMY",722275836,183954,22S,LITTLE ROCK
SHAW-ROSS INTERNATIONAL IMPORTERS LLC,330276612,200654,LS,MIRAMAR
SHAWNEE BLUFF DISTILLERIES LLC,650265454,234103,LMS,ELDON
SHAWNEE BLUFF WINERY LLC,650490000,233401,22MS,LAKE OZARK
SHED HORN CELLARS LLC,954610000,234523,22S,MIDDLETOWN
SHELTON BROTHERS INC.,010079399,218122,22S,BELCHERTOWN
"SHERRING BREWING COMPANY LLC, THE",630432503,231987,22MS,MARYLAND HEIGHTS
SHMALTZ BREWING COMPANY LLC,120651254,249528,22S,CLIFTON PARK
SHOW-ME BREWING LLC,658041425,238768,MICB,SPRINGFIELD
SIERRA NEVADA BREWING COMPANY INC.,959286722,69613,22S,CHICO
SIGNATURE SELECTIONS LLC,197023352,242952,22S,NEWARK
"SIGNORELLO, RAYMOND",945581100,201194,22S,NAPA
"SILVERADO VINEYARDS, THE",945589415,220834,22S,NAPA
SINEANN LLC,971326954,192210,22S,NEWBERG
SINGHA NORTH AMERICA INC.,940651422,188021,5S,REDWOOD CITY
SKINNER VINEYARDS LLC,956849583,240883,22S,FAIR PLAY
SLEIGHT OF HAND CELLARS LLC,993627134,211797,LS,WALLA WALLA
SLO DOWN WINES LLC,945586214,222605,22S,NAPA
SMART DISTRIBUTORS LLC MIDWEST,631226622,228151,LS,ST. LOUIS
SMITH-ANDERSON ENTERPRISES INC.,945592546,117864,22S,NAPA
SMOKE BREWING COMPANY LLC,64063,243968,MICB,LEE'S SUMMIT
SMT ACQUISITIONS LLC,334310000,239853,LS,BOCA RATON
SNI VALLEY VINEYARDS & WINERY LLC,640677143,195906,22MS,LEXINGTON
SOCIAL ENJOYMENTS LLC,563201624,246988,22S,COLD SPRING
SOKOL BLOSSER LTD.,971147232,228397,22S,DUNDEE
SOLSTARS INC.,100228511,235468,22S,NEW YORK
"SORTING TABLE, LLC, THE",945589739,162489,22S,NAPA
SOSTENER LLC,939609615,232215,22S,SOLEDAD
SOURCE CODE BEVERAGE LLC,605230000,240345,22S,OAK BROOK
"SOUTHBOUND BREWING CO., LLC",314152182,248033,22S,SAVANNAH
SOUTHERN GLAZER'S WINE & SPIRITS OF MO.,633014367,240755,LS,ST. CHARLES
SOUTHERN SISTERS SPIRITS LLC,629015403,228853,LS,CARBONDALE
"SOUTHERN STARZ, INC.",926491129,137396,22S,HUNTINGTON BEACH
SOUTHERN TIER BREWING COMPANY LLC,147509779,226592,22S,LAKEWOOD
SOUTHERN WINE GROUP LLC,945030000,193889,22S,AMERICAN CANYON
"SOVEREIGN BRANDS, LLC",100125349,156984,LS,NEW YORK
SPANISH WINE IMPORTERS LLC,201090000,238514,22S,MANASSAS
SPARKLING OREGON LLC,971284201,248293,22S,MCMINNVILLE
SPB LLC,544815232,182830,22S,STEVENS POINT
SPEAKEASY SPIRITS LLC,372092286,219116,LS,NASHVILLE
SPIRIT KNOB WINERY INC.,623762027,186435,LS,URSA
SPLINTER GROUP NAPA LLC,945580000,238264,LS,NAPA
SPOOKY BEVERAGES LLC,605270000,241905,22S,BURR RIDGE
SPOTTSWOODE WINERY INC.,945742354,211126,22S,ST. HELENA
SQUARE ONE ORGANIC SPIRITS LLC,949495637,208689,LS,NOVATO
ST. AUBERT HILLS VINEYARD LLC,650662111,195461,DOMW,OWENSVILLE
ST. FRANCOIS VINEYARD LLC,636018226,166036,22MS,PARK HILLS
ST. GEORGE SPIRITS INC.,945017541,200117,LS,ALAMEDA
ST. JAMES WINERY INC.,655591158,61668,22MS,ST. JAMES
ST. JAMES WINERY INC.,655591158,241557,DOMW,ST. JAMES
ST. JORDAN CREEK INC.,630131503,189116,22MS,BEAUFORT
"ST. KILLIAN IMPORTING CO., INC.",023641503,242898,LS,KINGSTON
"ST. LOUIS BREWERY LLC, THE",631432454,207604,22MS,MAPLEWOOD
"ST. LOUIS BREWERY LLC, THE",631031616,207606,22MS,ST. LOUIS
"ST. LOUIS BREWERY LLC, THE",631100000,219949,22S,ST. LOUIS
"ST. LOUIS DISTILLERY, LLC",633033815,196682,LMS,ST. CHARLES
ST. LOUIS WINE & BEERMAKING LLC,63017,241928,MICB,TOWN AND COUNTRY
ST. SUPERY INC.,945730000,239375,22S,RUTHERFORD
STACKED WINES LLC,928011120,221800,22S,ANAHEIM
STAGLIN FAMILY VINEYARD LLC,945730680,148013,22S,RUTHERFORD
STANLEY STAWSKI DISTRIBUTING COMPANY INC,601011475,123413,LS,ADDISON
STAR INDUSTRIES INC.,117913433,180003,LS,SYOSSET
"STAUDE, EDMUND D. & CLAUDIA A.",633833340,159964,DOMW,WARRENTON
STE. MICHELLE WINE ESTATES LTD.,980726981,39939,LS,WOODINVILLE
STEELE CREST WINERY LLC,637557752,220251,22MS,JACKSON
STEINBECK BREWING COMPANY,945414108,231017,22S,HAYWARD
STELLA WINE IMPORTS LLC,630057033,210914,22S,WILDWOOD
STEM CIDERS LLC,802052480,243446,22S,DENVER
STENNETT BREWERIES LLC,656535554,176602,MICB,FORSYTH
STENNETT ENTERPRISES LLC,656163549,166886,MICB,BRANSON
STEPHAN VINEYARD INC.,934466613,139249,22S,PASO ROBLES
STEWART CELLARS LLC,954720000,220480,22S,SEBASTOPOL
STILL 630 LLC,631043612,210070,LMS,ST. LOUIS
STOCKYARDS BREWING COMPANY LLC,641021044,236474,MICB,KANSAS CITY
STOLI GROUP (USA) LLC,100222050,219647,LS,NEW YORK
STOLLER IMPORTS INC.,600670000,126101,LS,PALATINE
STONE BREWING CO LLC,920294158,246351,22S,ESCONDIDO
STONE DISTILLERY LLC,981191321,226632,LS,SEATTLE
STONE HILL WINE COMPANY INC.,633632500,13754,DOMW,NEW FLORENCE
STONE HILL WINE COMPANY INC.,650411280,13755,DOMW,HERMANN
STONE HILL WINE COMPANY INC.,656164181,33983,DOMW,BRANSON
STONE HILL WINE COMPANY INC.,650411280,168903,22MS,HERMANN
STONE THE CROWS LLC,945740000,238515,22S,ST. HELENA
"STONEBRAKER, LONNIE D.",630372227,206706,DOMW,GERALD
STONECUSHION INC.,954489695,195538,22S,HEALDSBURG
STONEHAUS FARMS VINEYARD & WINERY LLC,640869513,94578,DOMW,LEE'S SUMMIT
STORYBOOK MOUNTAIN WINERY INC.,945159739,175360,22S,CALISTOGA
STOUT BREWING COMPANY LLC,280863262,220481,22S,KINGS MOUNTAIN
STRONG SPIRITS DISTILLING INC.,641524443,209294,LMS,PARKVILLE
SUGAR CREEK ACQUISITION LLC,630433701,231077,22MS,MARYLAND HEIGHTS
SUGAR CREEK WINERY INC.,633413103,83275,DOMW,DEFIANCE
SUGARLANDS DISTILLING COMPANY LLC,377380000,238012,LS,GATLINBURG
SUGARMILL DISTILLERY LLC,638010000,248911,LMS,SIKESTON
SULLIVAN VINEYARDS CORPORATION,945730000,165083,22S,RUTHERFORD
SUNNYE RIDGE WINERY LLC,662244572,211679,LS,LEAWOOD
SURLY BREWING CO,55426,246409,22S,BROOKLYN CENTER
SURVILLE ENTERPRISES CORPORATION,33181,199100,LS,MIAMI
SUTTER HOME WINERY INC.,945742204,211974,LS,ST. HELENA
SVP WINERY LLC,934610195,176398,22S,SHANDON
"SVW, LLC",652515166,202909,22MS,FULTON
T ELENTENY HOLDINGS LLC,10013,219802,LS,NEW YORK
"T'S REDNECK STEAKHOUSE, INC.",655367361,209105,LMS,LEBANON
TABLE BLUFF BREWING INC.,955011013,241909,22S,EUREKA
TAFT STREET INC.,954722555,186888,22S,SEBASTOPOL
TAKARA SAKE USA INC.,947101925,231015,LS,BERKELEY
TALLGRASS BREWING COMPANY INC.,665021467,186009,22S,MANHATTAN
TASHA'S INC.,971288560,230356,22S,MCMINNVILLE
TATTERSALL COMPANIES LLC,554131451,247434,LS,MINNEAPOLIS
TAVOLO VIGNETO LLC,631236133,217148,LS,ST. LOUIS
TEAL LAKE VINEYARD & FARMS LLC,652656746,208757,DOMW,MEXICO
TEMPEST DISTILLING & SPIRITS CO. LLC,631031311,235774,LMS,ST. LOUIS
TERRA FIRMA USA INC,633014332,197952,LS,ST. CHARLES
TERRAVANT WINE COMPANY LLC,934279565,192657,22S,BUELLTON
TERRE BEAU VINEYARDS LLC,640227800,188539,22MS,DOVER
TERRESSENTIA CORPORATION,294566707,224648,LS,NORTH CHARLESTON
TERRITORIAL VINEYARDS LLC,974024924,233303,22S,EUGENE
TGE LLC,970582905,201550,22S,THE DALLES
THIENOT USA INC.,949032012,213307,22S,SAN RAFAEL
THINK GLOBAL LLC,931010000,237754,22S,SANTA BARBARA
THIRTY-SEVEN LLC,954037416,239177,22S,SANTA ROSA
THIS REALM LLC,94558,242606,22S,NAPA
THOMAS FOGARTY WINERY LLC,940288156,233614,22S,PORTOLA VALLEY
THREE RANGERS LLC,212245056,238991,LS,BALTIMORE
"THREE SQUIRRELS WINERY, LLC",655598583,187329,22MS,ST. JAMES
"TI BEVERAGE GROUP, LTD.",914064647,152097,LS,VAN NUYS
TIERRA DIVINA VINEYARDS LLC,954723843,151568,22S,SEBASTOPOL
TIPPLE HILL WINERY LLC,644434256,223362,22MS,EASTON
TOLLIVER RANCH BRANDS LLC,934204974,227984,22S,ARROYO GRANDE
"TOM'S TOWN DISTILLING COMPANY, LLC",641081368,233107,LMS,KANSAS CITY
TOP HAT WINERY LLC,640500000,234655,DOMW,INDEPENDENCE
"TORN LABEL BREWING COMPANY, LLC",641081524,227088,22MS,KANSAS CITY
"TOWE, JODY B.",92029,248457,22S,ESCONDIDO
TRAILHEAD BREWING COMPANY LLC,633013489,85501,MICB,ST CHARLES
"TRAVER, JAMES E.",657933343,161414,DOMW,WILLOW SPRINGS
TREANA WINERY LLC,934466309,119659,22S,PASO ROBLES
TREASURY WINE ESTATES AMERICAS COMPANY,945586291,90464,LS,NAPA
TREFETHEN VINEYARDS WINERY INC.,945581303,63400,22S,NAPA
TRENTADUE WINERY LLC,954410000,237752,22S,GEYSERVILLE
TRI-STAR MARKETING INC.,945981531,177922,22S,WALNUT CREEK
TRI-VIN IMPORTS INC.,105502200,245380,22S,MOUNT VERNON
TRIM WINES LLC,945581100,208525,22S,NAPA
TRINITY TRADING CORPORATION,29492,244795,22S,CHARLESTON
TRIONE VINEYARDS LLC,954419310,212641,22S,GEYSERVILLE
TRIPLE SSS VENTURES LLC,656160000,241656,LMS,BRANSON
TRIPLE SSS VENTURES LLC,656160000,241657,LMS,BRANSON
"TRUCHARD, ANTHONY M.",945599701,219430,22S,NAPA
TUCK BECKSTOFFER WINES LLC,945741631,175294,22S,ST. HELENA
TURN KEY WINE BRANDS LLC,934540000,213184,22S,SANTA MARIA
TURNBULL WINE CELLARS,945620029,82924,22S,OAKVILLE
TWELVE PERCENT LLC,112223794,247266,22S,BROOKLYN
TWIN MEADOWS WINERY LLC,65263,245559,DOMW,MADISON
TWIN OAKS VINEYARD LLC,636407340,176474,LMS,FARMINGTON
TWIN PEAKS WINERY INC.,945999471,134413,22S,YOUNTVILLE
TWO BROTHERS BREWING COMPANY,605551565,224314,22S,WARRENVILLE
TWO PLUMBERS BREWERY LLC,63301,242872,MICB,ST. CHARLES
TY KU LLC,100168827,201417,LS,NEW YORK
UINTA BREWING COMPANY,841044215,235782,22S,SALT LAKE CITY
UMPQUA WINE WORKS LLC,97470,245174,22S,ROSEBURG
"UNION HORSE DISTILLING CO., LLC",662141520,204901,LS,LENEXA
UNITED BRANDS COMPANY INC.,921213819,234227,22S,SAN DIEGO
UNITED SPIRITS INC.,039650000,240011,LS,PLAISTOW
UNITED STATES BEVERAGE LLC,069025921,177074,LS,STAMFORD
UNITED STATES DISTILLED PRODUCTS CO,553712300,148641,LS,PRINCETON
UNITED WINE AND SPIRITS LLC,770086124,238001,LS,HOUSTON
URBAN CHESTNUT BREWING COMPANY INC.,631031218,196745,22MS,ST. LOUIS
URBAN CHESTNUT BREWING COMPANY INC.,631102113,220898,22MS,ST. LOUIS
URBAN CHESTNUT BREWING COMPANY INC.,631100000,240951,22MS,ST. LOUIS
USA WINE IMPORTS INC.,100132246,148382,LS,NEW YORK
USA WINE WEST LLC,949653811,208093,LS,SAUSALITO
UTAH BREWERS COOPERATIVE LC,841151802,246159,22S,SALT LAKE CITY
V AND L HOLDINGS LLC,64020,247678,LMS,CONCORDIA
VALCKENBERG INTERNATIONAL INC.,60014,247297,22S,CRYSTAL LAKE
VAN DUZER VINEYARDS LLC,973389339,122006,22S,DALLAS
VAN TILL AGRI LANDS LLP,640848275,227716,22MS,RAYVILLE
VANCE VINEYARD & WINERY LLC,636458557,175305,LMS,FREDERICKTOWN
VCH LLC,630174806,200784,22MS,CHESTERFIELD
VCH LLC,631416443,219576,22MS,CREVE COEUR
VEN-CAL RANCHES LLC,945580141,210056,22S,OAKVILLE
VENEZIA IMPORTS LLC,631352959,209057,LS,ST. LOUIS
VENGE VINEYARDS INC.,945159796,191473,22S,CALISTOGA
VERMEIL WINE GROUP LLC,945150000,190916,22S,CALISTOGA
VIADER VINEYARDS INC.,94576,249116,22S,DEER PARK
VIANDEL VINEYARDS LLC,655488092,228954,22MS,MOUNTAIN VIEW
VIANELLO IMPORTS LLC,662141732,219644,22S,OVERLAND PARK
VIAS IMPORTS LTD.,100013565,67068,LS,NEW YORK
VIEUX VINS INC.,940051241,183331,22S,BRISBANE
VILLA ANTONIO LTD,630503818,128210,DOMW,HILLSBORO
VIN DIVINO LTD.,606132417,225276,LS,CHICAGO
VINAMERICAS INC.,331384663,217477,LS,MIAMI
VINE CONNECTIONS LLC,949651433,182527,22S,SAUSALITO
"VINEBURG, LLC",954769615,186234,22S,SONOMA
VINEDREA WINES LLC,083601527,248283,22S,VINELAND
VINEYARD BRANDS LLC,352034036,211124,LS,BIRMINGHAM
"VINEYARD 29, LLC",945749701,192480,22S,ST. HELENA
VINIFERA IMPORTS LTD,117796801,149306,22S,RONKONKOMA
VINO DEL SOL INC.,93422,188268,22S,ATASCADERO
VINO ET SPIRITUS LLC,600162224,190645,LS,DES PLAINES
VINO LOGICS CORPORATION,025363978,241906,22S,EAST FALMOUTH
VINO.COM LLC,294647960,127310,LS,MT. PLEASANT
VINOANDES LLC,554191125,222290,22S,MINNEAPOLIS
VINOCOPIA INC.,55423,248158,22S,MINNEAPOLIS
"VINOTECA, INC.",63043,200848,22S,MARYLAND HEIGHTS
VINOVIA WINE GROUP INC.,926880000,226320,22S,RANCHO SANTA MARGARITA
VINTAGE '59 IMPORTS LLC,200151336,213185,LS,WASHINGTON
VINTEGRITY LLC,641163703,205437,LS,NORTH KANSAS CITY
VINTELL INC.,726329355,239577,LS,EUREKA SPRINGS
VINTURE WINE COMPANY LLC,952208700,212348,22S,ACAMPO
VINTUS LLC,105702943,210751,LS,PLEASANTVILLE
VISION WINE & SPIRITS LLC,02780,245590,LS,TAUNTON
VISION 29:11 INC.,630503534,233036,22MS,HILLSBORO
VOLIO VINO IMPORTS,802217821,231919,22S,DENVER
VON JAKOB VINEYARD LTD.,629752554,171930,22S,POMONA
VOTTO VINES IMPORTING INC.,065140000,234521,22S,HAMDEN
"VOX VINEYARDS, INC.",641532698,218851,DOMW,KANSAS CITY
V2 WINE GROUP LLC,954766753,193739,22S,SONOMA
W.J. DEUTSCH & SONS LTD.,069013435,115904,LS,STAMFORD
WAGES LIMITED LLC,657750000,238655,MICB,WEST PLAINS
WAGNER WINE COMPANY LLC,954730000,208523,22S,RUTHERFORD
WALNUT CITY WINEWORKS INC.,971283326,228163,22S,MCMINNVILLE
WARSTEINER IMPORTERS AGENCY INC.,450693846,237705,22S,WEST CHESTER
WASHINGTON VINTNERS LLC,993621810,217173,22S,WALLA WALLA
WATERTOWER WINERY LLC,636708604,231329,22MS,STE. GENEVIEVE
WAYBAR INC.,630712593,149032,22MS,RICHWOODS
"WEBB, CLETIS L.",651095374,218353,DOMW,JEFFERSON CITY
WEIBEL INC.,952400860,211676,22S,LODI
WEIN-BAUER INC.,601311215,48799,LS,FRANKLIN PARK
WEINGARTEN VINEYARD LLC,636708514,194981,22MS,STE. GENEVIEVE
WEISS HOLDINGS LLC,650411148,244241,LMS,HERMANN
WELLSPENT BREWING COMPANY LLC,631030000,247783,22MS,ST. LOUIS
WELPMAN SPRINGS BREWING COMPANY LLC,650780000,237585,22MS,STOVER
WENWOOD FARM WINERY LLC,650142023,133323,22MS,BLAND
WEST COAST WINE PARTNERS LLC,945592129,210753,22S,NAPA
"WEST WINERY, LLC",635521654,169190,DOMW,MACON
"WEST WINERY, LLC",635521654,170567,22MS,MACON
WESTERN SPIRITS BEVERAGE COMPANY LLC,830140000,186352,LS,WILSON
WESTON WINE COMPANY LLC,640981206,219859,DOMW,WESTON
"WESTPHALIA WINERY, LLC",650850000,164317,DOMW,WESTPHALIA
"WESTPHALIA WINERY, LLC",650850000,179362,DOMW,WESTPHALIA
WEYGANDT-METZLER IMPORTING LTD.,193750000,78717,22S,UNIONVILLE
WHISTLING SPRINGS BREWING COMPANY LLC,657458216,239366,MICB,SELIGMAN
WHITE OAK VINEYARDS & WINERY LLC,954488020,223490,22S,HEALDSBURG
WHITE RIVER BREWING COMPANY LLC,658032631,211374,MICB,SPRINGFIELD
WHYTE AND MACKAY (AMERICAS) LIMITED LLC,331812880,203973,LS,NORTH MIAMI
WI INC.,299283025,180436,22S,HILTON HEAD ISLAND
WIEDERKEHR WINE CELLARS INC.,728219037,14091,22S,WIEDERKEHR VILLAGE
WILLIAM GRANT & SONS INC.,088373620,13884,LS,EDISON
WILLIAM K BUSCH BREWING COMPANY LLC,631442505,212480,22MS,ST. LOUIS
WILLIAMS & SELYEM LLC,95448,244009,22S,HEALDSBURG
WILSON CREEK WINERY & VINEYARDS INC.,925915088,217969,22S,TEMECULA
WILSON DANIELS LLC,934741416,228049,LS,ST. HELENA
WIN IT TOO INC.,019492285,177511,LS,MIDDLETON
WINDERLEA WINE COMPANY LLC,971159145,215628,22S,DUNDEE
WINE CREEK LLC,954489721,179421,22S,HEALDSBURG
WINE GROUP INC.,953778106,13960,LS,TRACY
WINE HOOLIGANS LLC,954093313,223488,22S,SANTA ROSA
"WINE SOURCE INC., THE",902481913,217754,22S,GARDENA
WINEBOW INC.,070589212,224316,LS,PINE BROOK
WINERY DIRECT LLC,660463048,243232,22S,LAWRENCE
"WINERY EXCHANGE, INC.",949476921,139991,LS,NOVATO
WINESELLERS LTD.,607143808,14098,22S,NILES
WISD LLC,331335459,239777,22S,MIAMI
WOLFF & TROY LLC,100041058,236691,22S,NEW YORK
WOOD HAT SPIRITS LLC,633632500,214428,LMS,NEW FLORENCE
WOODEN SHIPS WINES INC.,11716,245592,22S,BOHEMIA
WOODHOUSE WINE ESTATES I LLC,980724514,212069,22S,WOODINVILLE
"WOODMAR GROUP LLC, THE",945071494,177512,22S,ALAMO
WOODSMEN LLC,652570000,239481,LMS,HIGBEE
WOODWARD CANYON WINERY INC.,993609710,187326,22S,LOWDEN
"WOODY, LOUIS E.",657121450,162485,DOMW,MT. VERNON
"WOODY, LOUIS E.",657121450,162486,DOMW,MT. VERNON
WORLDWIDE CELLARS INC.,554211138,186602,22S,FRIDLEY
YAHARA BAY DISTILLERS INC.,537191947,185886,LS,FITCHBURG
ZIPLINE BREWING CO. LLC,685221027,235467,22S,LINCOLN
"ZONIN U.S.A., INC.",229011696,140342,22S,CHARLOTTESVILLE
ZOTOVICH WINE ENTERPRISES LLC,934369444,226946,22S,LOMPOC
1026 BEVERAGE COMPANY LLC,926880000,236500,22S,RANCHO SANTA MARGARITA
123 SPIRITS LLC,90731,247436,LS,SAN PEDRO
21ST CENTURY SPIRITS LLC,900401822,171569,LS,COMMERCE
22 HUNDRED CELLARS INC.,934465910,223936,22S,PASO ROBLES
220 IMPORTS LLC,850500000,238516,22S,PHOENIX
24 SEVEN MO INC.,63045,248420,22S,EARTH CITY
26 BRIX LLC,945580000,237750,22S,NAPA
3 BADGE BEVERAGE CORP.,954767014,200116,LS,SONOMA
3 LITTLE BIRDS BREWERY LLC,630451404,246980,22MS,EARTH CITY
4 BY 4 BREWING COMPANY LLC,65804,248131,MICB,SPRINGFIELD
4 HANDS BREWING COMPANY LLC,631043610,247117,LMS,ST. LOUIS
7 & 8 LLC,945749773,200199,22S,ST. HELENA
7 MILE SPIRITS LLC,331604423,233020,LS,NORTH MIAMI BEACH
7C'S WINERY LLC,657708394,182330,DOMW,WALNUT GROVE
8 VINI INC.,945770000,216956,22S,SAN LEANDRO
